country,date,sector,value,timestamp,rounded_value,Treat,ln_value,Lockdown,Lockdown*Treat
India,01-01-2019,Power,3.33652,1546300800,3.337,0,1.204928348,1,0
India,02-01-2019,Power,3.37735,1546387200,3.377,0,1.217091378,1,0
India,03-01-2019,Power,3.41498,1546473600,3.415,0,1.228171636,1,0
India,04-01-2019,Power,3.44822,1546560000,3.448,0,1.237858156,1,0
India,05-01-2019,Power,3.42226,1546646400,3.422,0,1.230301152,1,0
India,06-01-2019,Power,3.25412,1546732800,3.254,0,1.179921886,1,0
India,07-01-2019,Power,3.34851,1546819200,3.349,0,1.208515471,1,0
India,08-01-2019,Power,3.46491,1546905600,3.465,0,1.242686658,1,0
India,09-01-2019,Power,3.4555,1546992000,3.456,0,1.239967165,1,0
India,10-01-2019,Power,3.46097,1547078400,3.461,0,1.241548897,1,0
India,11-01-2019,Power,3.51453,1547164800,3.515,0,1.256905804,1,0
India,12-01-2019,Power,3.49405,1547251200,3.494,0,1.251061522,1,0
India,13-01-2019,Power,3.31512,1547337600,3.315,0,1.198493822,1,0
India,14-01-2019,Power,3.22422,1547424000,3.224,0,1.170691061,1,0
India,15-01-2019,Power,3.3086,1547510400,3.309,0,1.196525139,1,0
India,16-01-2019,Power,3.38827,1547596800,3.388,0,1.220319467,1,0
India,17-01-2019,Power,3.40694,1547683200,3.407,0,1.225814528,1,0
India,18-01-2019,Power,3.46597,1547769600,3.466,0,1.242992536,1,0
India,19-01-2019,Power,3.45974,1547856000,3.46,0,1.241193442,1,0
India,20-01-2019,Power,3.33515,1547942400,3.335,0,1.204517656,1,0
India,21-01-2019,Power,3.30685,1548028800,3.307,0,1.195996075,1,0
India,22-01-2019,Power,3.27855,1548115200,3.279,0,1.187401251,1,0
India,23-01-2019,Power,3.41771,1548201600,3.418,0,1.228970736,1,0
India,24-01-2019,Power,3.35867,1548288000,3.359,0,1.211545062,1,0
India,25-01-2019,Power,3.3001,1548374400,3.3,0,1.193952771,1,0
India,26-01-2019,Power,3.07656,1548460800,3.077,0,1.12381209,1,0
India,27-01-2019,Power,3.07064,1548547200,3.071,0,1.121886009,1,0
India,28-01-2019,Power,3.23833,1548633600,3.238,0,1.175057765,1,0
India,29-01-2019,Power,3.31421,1548720000,3.314,0,1.198219285,1,0
India,30-01-2019,Power,3.39251,1548806400,3.393,0,1.22157006,1,0
India,31-01-2019,Power,3.37172,1548892800,3.372,0,1.215423,1,0
India,01-02-2019,Power,3.30241,1548979200,3.302,0,1.194652505,1,0
India,02-02-2019,Power,3.29241,1549065600,3.292,0,1.191619819,1,0
India,03-02-2019,Power,3.19179,1549152000,3.192,0,1.160581888,1,0
India,04-02-2019,Power,3.27282,1549238400,3.273,0,1.185651999,1,0
India,05-02-2019,Power,3.43398,1549324800,3.434,0,1.233719938,1,0
India,06-02-2019,Power,3.41987,1549411200,3.42,0,1.229602539,1,0
India,07-02-2019,Power,3.2839,1549497600,3.284,0,1.18903174,1,0
India,08-02-2019,Power,3.33898,1549584000,3.339,0,1.205665371,1,0
India,09-02-2019,Power,3.34278,1549670400,3.343,0,1.206802796,1,0
India,10-02-2019,Power,3.27115,1549756800,3.271,0,1.185141605,1,0
India,11-02-2019,Power,3.29831,1549843200,3.298,0,1.193410216,1,0
India,12-02-2019,Power,3.33898,1549929600,3.339,0,1.205665371,1,0
India,13-02-2019,Power,3.41107,1550016000,3.411,0,1.227026025,1,0
India,14-02-2019,Power,3.40971,1550102400,3.41,0,1.226627244,1,0
India,15-02-2019,Power,3.35827,1550188800,3.358,0,1.21142596,1,0
India,16-02-2019,Power,3.32002,1550275200,3.32,0,1.199970807,1,0
India,17-02-2019,Power,3.28178,1550361600,3.282,0,1.188385958,1,0
India,18-02-2019,Power,3.32367,1550448000,3.324,0,1.201069594,1,0
India,19-02-2019,Power,3.46769,1550534400,3.468,0,1.243488666,1,0
India,20-02-2019,Power,3.43794,1550620800,3.438,0,1.234872455,1,0
India,21-02-2019,Power,3.43612,1550707200,3.436,0,1.234342928,1,0
India,22-02-2019,Power,3.42656,1550793600,3.427,0,1.231556842,1,0
India,23-02-2019,Power,3.4217,1550880000,3.422,0,1.230137504,1,0
India,24-02-2019,Power,3.33384,1550966400,3.334,0,1.204124793,1,0
India,25-02-2019,Power,3.37625,1551052800,3.376,0,1.216765626,1,0
India,26-02-2019,Power,3.41866,1551139200,3.419,0,1.229248661,1,0
India,27-02-2019,Power,3.38922,1551225600,3.389,0,1.220599806,1,0
India,28-02-2019,Power,3.37435,1551312000,3.374,0,1.216202713,1,0
India,01-03-2019,Power,3.4755,1551398400,3.476,0,1.245738354,1,0
India,02-03-2019,Power,3.38915,1551484800,3.389,0,1.220579152,1,0
India,03-03-2019,Power,3.28718,1551571200,3.287,0,1.190030054,1,0
India,04-03-2019,Power,3.40433,1551657600,3.404,0,1.225048151,1,0
India,05-03-2019,Power,3.4928,1551744000,3.493,0,1.250703707,1,0
India,06-03-2019,Power,3.5054,1551830400,3.505,0,1.254304637,1,0
India,07-03-2019,Power,3.59478,1551916800,3.595,0,1.279482793,1,0
India,08-03-2019,Power,3.56929,1552003200,3.569,0,1.272366696,1,0
India,09-03-2019,Power,3.54455,1552089600,3.545,0,1.265411213,1,0
India,10-03-2019,Power,3.48931,1552176000,3.489,0,1.249704009,1,0
India,11-03-2019,Power,3.59357,1552262400,3.594,0,1.279146137,1,0
India,12-03-2019,Power,3.63151,1552348800,3.632,0,1.28964854,1,0
India,13-03-2019,Power,3.63272,1552435200,3.633,0,1.289981679,1,0
India,14-03-2019,Power,3.58902,1552521600,3.589,0,1.277879185,1,0
India,15-03-2019,Power,3.52741,1552608000,3.527,0,1.260563891,1,0
India,16-03-2019,Power,3.52467,1552694400,3.525,0,1.259786815,1,0
India,17-03-2019,Power,3.45046,1552780800,3.45,0,1.238507555,1,0
India,18-03-2019,Power,3.59433,1552867200,3.594,0,1.279357604,1,0
India,19-03-2019,Power,3.65807,1552953600,3.658,0,1.296935686,1,0
India,20-03-2019,Power,3.66065,1553040000,3.661,0,1.297640727,1,0
India,21-03-2019,Power,3.2248,1553126400,3.225,0,1.170870933,1,0
India,22-03-2019,Power,3.38961,1553212800,3.39,0,1.220714871,1,0
India,23-03-2019,Power,3.54106,1553299200,3.541,0,1.264426117,1,0
India,24-03-2019,Power,3.53256,1553385600,3.533,0,1.262022821,1,0
India,25-03-2019,Power,3.65746,1553472000,3.657,0,1.296768917,1,0
India,26-03-2019,Power,3.6573,1553558400,3.657,0,1.29672517,1,0
India,27-03-2019,Power,3.71497,1553644800,3.715,0,1.312370603,1,0
India,28-03-2019,Power,3.75276,1553731200,3.753,0,1.322491569,1,0
India,29-03-2019,Power,3.79768,1553817600,3.798,0,1.334390354,1,0
India,30-03-2019,Power,3.84396,1553904000,3.844,0,1.346503085,1,0
India,31-03-2019,Power,3.48703,1553990400,3.487,0,1.249050371,1,0
India,01-04-2019,Power,3.56375,1554076800,3.564,0,1.270813361,1,0
India,02-04-2019,Power,3.7147,1554163200,3.715,0,1.312297921,1,0
India,03-04-2019,Power,3.77419,1554249600,3.774,0,1.32818579,1,0
India,04-04-2019,Power,3.82806,1554336000,3.828,0,1.342358147,1,0
India,05-04-2019,Power,3.7399,1554422400,3.74,0,1.319058873,1,0
India,06-04-2019,Power,3.6639,1554508800,3.664,0,1.298528154,1,0
India,07-04-2019,Power,3.37784,1554595200,3.378,0,1.217236452,1,0
India,08-04-2019,Power,3.68313,1554681600,3.683,0,1.303762934,1,0
India,09-04-2019,Power,3.64002,1554768000,3.64,0,1.291989176,1,0
India,10-04-2019,Power,3.68022,1554854400,3.68,0,1.302972533,1,0
India,11-04-2019,Power,3.62621,1554940800,3.626,0,1.288188026,1,0
India,12-04-2019,Power,3.745,1555027200,3.745,0,1.320421617,1,0
India,13-04-2019,Power,3.71057,1555113600,3.711,0,1.311185504,1,0
India,14-04-2019,Power,3.59375,1555200000,3.594,0,1.279196226,1,0
India,15-04-2019,Power,3.65397,1555286400,3.654,0,1.295814248,1,0
India,16-04-2019,Power,3.42846,1555372800,3.428,0,1.232111181,1,0
India,17-04-2019,Power,3.23853,1555459200,3.239,0,1.175119523,1,0
India,18-04-2019,Power,3.3264,1555545600,3.326,0,1.201890638,1,0
India,19-04-2019,Power,3.40515,1555632000,3.405,0,1.225288991,1,0
India,20-04-2019,Power,3.47238,1555718400,3.472,0,1.244840238,1,0
India,21-04-2019,Power,3.37129,1555804800,3.371,0,1.21529546,1,0
India,22-04-2019,Power,3.55612,1555891200,3.556,0,1.268670063,1,0
India,23-04-2019,Power,3.57797,1555977600,3.578,0,1.2747956,1,0
India,24-04-2019,Power,3.66417,1556064000,3.664,0,1.298601843,1,0
India,25-04-2019,Power,3.79696,1556150400,3.797,0,1.334200747,1,0
India,26-04-2019,Power,3.79906,1556236800,3.799,0,1.334753668,1,0
India,27-04-2019,Power,3.79013,1556323200,3.79,0,1.332400319,1,0
India,28-04-2019,Power,3.63279,1556409600,3.633,0,1.290000948,1,0
India,29-04-2019,Power,3.74049,1556496000,3.74,0,1.319216619,1,0
India,30-04-2019,Power,3.60878,1556582400,3.609,0,1.283369765,1,0
India,01-05-2019,Power,3.48792,1556668800,3.488,0,1.24930557,1,0
India,02-05-2019,Power,3.36798,1556755200,3.368,0,1.214313158,1,0
India,03-05-2019,Power,3.27318,1556841600,3.273,0,1.185761989,1,0
India,04-05-2019,Power,3.31118,1556928000,3.311,0,1.197304621,1,0
India,05-05-2019,Power,3.36683,1557014400,3.367,0,1.213971649,1,0
India,06-05-2019,Power,3.57948,1557100800,3.579,0,1.275217538,1,0
India,07-05-2019,Power,3.57473,1557187200,3.575,0,1.273889649,1,0
India,08-05-2019,Power,3.59761,1557273600,3.598,0,1.280269736,1,0
India,09-05-2019,Power,3.65,1557360000,3.65,0,1.294727168,1,0
India,10-05-2019,Power,3.72041,1557446400,3.72,0,1.313833877,1,0
India,11-05-2019,Power,3.67316,1557532800,3.673,0,1.301052327,1,0
India,12-05-2019,Power,3.56679,1557619200,3.567,0,1.271666032,1,0
India,13-05-2019,Power,3.60117,1557705600,3.601,0,1.281258793,1,0
India,14-05-2019,Power,3.60779,1557792000,3.608,0,1.283095397,1,0
India,15-05-2019,Power,3.61441,1557878400,3.614,0,1.284928633,1,0
India,16-05-2019,Power,3.695,1557964800,3.695,0,1.306980554,1,0
India,17-05-2019,Power,3.62776,1558051200,3.628,0,1.288615378,1,0
India,18-05-2019,Power,3.53614,1558137600,3.536,0,1.263035737,1,0
India,19-05-2019,Power,3.55053,1558224000,3.551,0,1.267096888,1,0
India,20-05-2019,Power,3.74639,1558310400,3.746,0,1.32079271,1,0
India,21-05-2019,Power,3.8634,1558396800,3.863,0,1.351547625,1,0
India,22-05-2019,Power,3.85116,1558483200,3.851,0,1.348374402,1,0
India,23-05-2019,Power,3.8224,1558569600,3.822,0,1.340878498,1,0
India,24-05-2019,Power,3.67428,1558656000,3.674,0,1.301357195,1,0
India,25-05-2019,Power,3.66606,1558742400,3.666,0,1.299117516,1,0
India,26-05-2019,Power,3.54689,1558828800,3.547,0,1.266071163,1,0
India,27-05-2019,Power,3.76608,1558915200,3.766,0,1.326034673,1,0
India,28-05-2019,Power,3.85603,1559001600,3.856,0,1.349638157,1,0
India,29-05-2019,Power,3.92784,1559088000,3.928,0,1.368089656,1,0
India,30-05-2019,Power,3.94026,1559174400,3.94,0,1.371246711,1,0
India,31-05-2019,Power,3.82273,1559260800,3.823,0,1.340964827,1,0
India,01-06-2019,Power,3.70538,1559347200,3.705,0,1.309785818,1,0
India,02-06-2019,Power,3.59348,1559433600,3.593,0,1.279121092,1,0
India,03-06-2019,Power,3.49432,1559520000,3.494,0,1.251138793,1,0
India,04-06-2019,Power,3.62593,1559606400,3.626,0,1.288110807,1,0
India,05-06-2019,Power,3.72404,1559692800,3.724,0,1.3148091,1,0
India,06-06-2019,Power,3.82214,1559779200,3.822,0,1.340810475,1,0
India,07-06-2019,Power,3.7604,1559865600,3.76,0,1.324525335,1,0
India,08-06-2019,Power,3.68785,1559952000,3.688,0,1.305043632,1,0
India,09-06-2019,Power,3.73277,1560038400,3.733,0,1.317150585,1,0
India,10-06-2019,Power,3.67482,1560124800,3.675,0,1.301504152,1,0
India,11-06-2019,Power,3.71673,1560211200,3.717,0,1.312844249,1,0
India,12-06-2019,Power,3.53724,1560297600,3.537,0,1.263346762,1,0
India,13-06-2019,Power,3.44165,1560384000,3.442,0,1.235951008,1,0
India,14-06-2019,Power,3.66028,1560470400,3.66,0,1.297539647,1,0
India,15-06-2019,Power,3.52963,1560556800,3.53,0,1.26119305,1,0
India,16-06-2019,Power,3.26783,1560643200,3.268,0,1.184126156,1,0
India,17-06-2019,Power,3.32396,1560729600,3.324,0,1.201156843,1,0
India,18-06-2019,Power,3.35131,1560816000,3.351,0,1.209351314,1,0
India,19-06-2019,Power,3.45443,1560902400,3.454,0,1.239657465,1,0
India,20-06-2019,Power,3.53195,1560988800,3.532,0,1.261850126,1,0
India,21-06-2019,Power,3.63125,1561075200,3.631,0,1.289576942,1,0
India,22-06-2019,Power,3.59579,1561161600,3.596,0,1.279763717,1,0
India,23-06-2019,Power,3.44419,1561248000,3.444,0,1.236688753,1,0
India,24-06-2019,Power,3.55523,1561334400,3.555,0,1.268419759,1,0
India,25-06-2019,Power,3.64543,1561420800,3.645,0,1.293474328,1,0
India,26-06-2019,Power,3.61254,1561507200,3.613,0,1.284411126,1,0
India,27-06-2019,Power,3.52314,1561593600,3.523,0,1.259352637,1,0
India,28-06-2019,Power,3.4755,1561680000,3.476,0,1.245738354,1,0
India,29-06-2019,Power,3.46747,1561766400,3.467,0,1.243425221,1,0
India,30-06-2019,Power,3.29636,1561852800,3.296,0,1.192818829,1,0
India,01-07-2019,Power,3.35279,1561939200,3.353,0,1.209792835,1,0
India,02-07-2019,Power,3.40914,1562025600,3.409,0,1.22646006,1,0
India,03-07-2019,Power,3.45168,1562112000,3.452,0,1.238861069,1,0
India,04-07-2019,Power,3.3484,1562198400,3.348,0,1.20848262,1,0
India,05-07-2019,Power,3.22371,1562284800,3.224,0,1.17053287,1,0
India,06-07-2019,Power,3.10138,1562371200,3.101,0,1.131847174,1,0
India,07-07-2019,Power,2.88349,1562457600,2.883,0,1.059001366,1,0
India,08-07-2019,Power,3.05582,1562544000,3.056,0,1.117047969,1,0
India,09-07-2019,Power,3.01282,1562630400,3.013,0,1.102876517,1,0
India,10-07-2019,Power,3.04646,1562716800,3.046,0,1.113980261,1,0
India,11-07-2019,Power,3.01125,1562803200,3.011,0,1.102355275,1,0
India,12-07-2019,Power,3.20468,1562889600,3.205,0,1.164612241,1,0
India,13-07-2019,Power,3.19364,1562976000,3.194,0,1.161161332,1,0
India,14-07-2019,Power,2.9809,1563062400,2.981,0,1.092225268,1,0
India,15-07-2019,Power,3.06496,1563148800,3.065,0,1.120034519,1,0
India,16-07-2019,Power,3.07206,1563235200,3.072,0,1.122348346,1,0
India,17-07-2019,Power,3.2647,1563321600,3.265,0,1.183167875,1,0
India,18-07-2019,Power,3.40705,1563408000,3.407,0,1.225846814,1,0
India,19-07-2019,Power,3.50212,1563494400,3.502,0,1.253368499,1,0
India,20-07-2019,Power,3.47878,1563580800,3.479,0,1.246681658,1,0
India,21-07-2019,Power,3.35875,1563667200,3.359,0,1.211568881,1,0
India,22-07-2019,Power,3.52373,1563753600,3.524,0,1.259520088,1,0
India,23-07-2019,Power,3.62356,1563840000,3.624,0,1.287456968,1,0
India,24-07-2019,Power,3.48245,1563926400,3.482,0,1.247736069,1,0
India,25-07-2019,Power,3.19543,1564012800,3.195,0,1.161721664,1,0
India,26-07-2019,Power,3.0305,1564099200,3.03,0,1.108727622,1,0
India,27-07-2019,Power,2.854,1564185600,2.854,0,1.048721519,1,0
India,28-07-2019,Power,2.70757,1564272000,2.708,0,0.996051554,1,0
India,29-07-2019,Power,2.86689,1564358400,2.867,0,1.053227819,1,0
India,30-07-2019,Power,3.02639,1564444800,3.026,0,1.10737049,1,0
India,31-07-2019,Power,3.03732,1564531200,3.037,0,1.110975548,1,0
India,01-08-2019,Power,3.01532,1564617600,3.015,0,1.103705961,1,0
India,02-08-2019,Power,2.9437,1564704000,2.944,0,1.079667294,1,0
India,03-08-2019,Power,2.89878,1564790400,2.899,0,1.064289959,1,0
India,04-08-2019,Power,2.83402,1564876800,2.834,0,1.041696198,1,0
India,05-08-2019,Power,2.96412,1564963200,2.964,0,1.086580192,1,0
India,06-08-2019,Power,2.8562,1565049600,2.856,0,1.04949207,1,0
India,07-08-2019,Power,2.75108,1565136000,2.751,0,1.011993562,1,0
India,08-08-2019,Power,2.83531,1565222400,2.835,0,1.042151279,1,0
India,09-08-2019,Power,2.76762,1565308800,2.768,0,1.017987745,1,0
India,10-08-2019,Power,2.76762,1565395200,2.768,0,1.017987745,1,0
India,11-08-2019,Power,2.79801,1565481600,2.798,0,1.02890845,1,0
India,12-08-2019,Power,3.03537,1565568000,3.035,0,1.110333328,1,0
India,13-08-2019,Power,2.99882,1565654400,2.999,0,1.098218878,1,0
India,14-08-2019,Power,2.91075,1565740800,2.911,0,1.06841078,1,0
India,15-08-2019,Power,2.54935,1565827200,2.549,0,0.935838425,1,0
India,16-08-2019,Power,2.68792,1565913600,2.688,0,0.98876766,1,0
India,17-08-2019,Power,2.69729,1566000000,2.697,0,0.992247565,1,0
India,18-08-2019,Power,2.6736,1566086400,2.674,0,0.983425879,1,0
India,19-08-2019,Power,2.91179,1566172800,2.912,0,1.068768012,1,0
India,20-08-2019,Power,2.98991,1566259200,2.99,0,1.095243287,1,0
India,21-08-2019,Power,2.99828,1566345600,2.998,0,1.098038791,1,0
India,22-08-2019,Power,3.00666,1566432000,3.007,0,1.100829828,1,0
India,23-08-2019,Power,3.03646,1566518400,3.036,0,1.110692363,1,0
India,24-08-2019,Power,2.9105,1566604800,2.91,0,1.068324888,1,0
India,25-08-2019,Power,2.89911,1566691200,2.899,0,1.064403793,1,0
India,26-08-2019,Power,3.02064,1566777600,3.021,0,1.105468729,1,0
India,27-08-2019,Power,3.16766,1566864000,3.168,0,1.152993145,1,0
India,28-08-2019,Power,3.31468,1566950400,3.315,0,1.198361088,1,0
India,29-08-2019,Power,3.37182,1567036800,3.372,0,1.215452658,1,0
India,30-08-2019,Power,3.34713,1567123200,3.347,0,1.208103262,1,0
India,31-08-2019,Power,3.31037,1567209600,3.31,0,1.197059966,1,0
India,01-09-2019,Power,3.03641,1567296000,3.036,0,1.110675897,1,0
India,02-09-2019,Power,3.04031,1567382400,3.04,0,1.111959484,1,0
India,03-09-2019,Power,3.10561,1567468800,3.106,0,1.133210153,1,0
India,04-09-2019,Power,3.08076,1567555200,3.081,0,1.12517632,1,0
India,05-09-2019,Power,3.03052,1567641600,3.031,0,1.108734222,1,0
India,06-09-2019,Power,3.00391,1567728000,3.004,0,1.099914773,1,0
India,07-09-2019,Power,2.93753,1567814400,2.938,0,1.077569092,1,0
India,08-09-2019,Power,2.81562,1567900800,2.816,0,1.035182486,1,0
India,09-09-2019,Power,2.98374,1567987200,2.984,0,1.093177547,1,0
India,10-09-2019,Power,3.10964,1568073600,3.11,0,1.134506964,1,0
India,11-09-2019,Power,3.15065,1568160000,3.151,0,1.147608781,1,0
India,12-09-2019,Power,3.03305,1568246400,3.033,0,1.109568714,1,0
India,13-09-2019,Power,3.00177,1568332800,3.002,0,1.099202115,1,0
India,14-09-2019,Power,3.03493,1568419200,3.035,0,1.11018836,1,0
India,15-09-2019,Power,2.93882,1568505600,2.939,0,1.07800814,1,0
India,16-09-2019,Power,3.03754,1568592000,3.038,0,1.111047977,1,0
India,17-09-2019,Power,3.10509,1568678400,3.105,0,1.1330427,1,0
India,18-09-2019,Power,3.08372,1568764800,3.084,0,1.12613666,1,0
India,19-09-2019,Power,3.08044,1568851200,3.08,0,1.125072444,1,0
India,20-09-2019,Power,3.14807,1568937600,3.148,0,1.146789567,1,0
India,21-09-2019,Power,3.16664,1569024000,3.167,0,1.152671089,1,0
India,22-09-2019,Power,2.9266,1569110400,2.927,0,1.07384134,1,0
India,23-09-2019,Power,3.10555,1569196800,3.106,0,1.133190833,1,0
India,24-09-2019,Power,3.07775,1569283200,3.078,0,1.124198811,1,0
India,25-09-2019,Power,2.95736,1569369600,2.957,0,1.084296978,1,0
India,26-09-2019,Power,2.84454,1569456000,2.845,0,1.045401367,1,0
India,27-09-2019,Power,2.7432,1569542400,2.743,0,1.009125122,1,0
India,28-09-2019,Power,2.61798,1569628800,2.618,0,0.962403028,1,0
India,29-09-2019,Power,3.3918,1569715200,3.392,0,1.221360754,1,0
India,30-09-2019,Power,3.3644,1569801600,3.364,0,1.213249641,1,0
India,01-10-2019,Power,2.62347,1569888000,2.623,0,0.964497869,1,0
India,02-10-2019,Power,2.61368,1569974400,2.614,0,0.96075919,1,0
India,03-10-2019,Power,2.81702,1570060800,2.817,0,1.035679589,1,0
India,04-10-2019,Power,2.92135,1570147200,2.921,0,1.072045838,1,0
India,05-10-2019,Power,2.9788,1570233600,2.979,0,1.091520535,1,0
India,06-10-2019,Power,2.86953,1570320000,2.87,0,1.054148253,1,0
India,07-10-2019,Power,2.88692,1570406400,2.887,0,1.06019019,1,0
India,08-10-2019,Power,2.66792,1570492800,2.668,0,0.981299143,1,0
India,09-10-2019,Power,2.85328,1570579200,2.853,0,1.04846921,1,0
India,10-10-2019,Power,3.01408,1570665600,3.014,0,1.103294643,1,0
India,11-10-2019,Power,3.08179,1570752000,3.082,0,1.125510597,1,0
India,12-10-2019,Power,3.1029,1570838400,3.103,0,1.132337158,1,0
India,13-10-2019,Power,3.14032,1570924800,3.14,0,1.144324706,1,0
India,14-10-2019,Power,3.17773,1571011200,3.178,0,1.156167105,1,0
India,15-10-2019,Power,3.21514,1571097600,3.215,0,1.167870903,1,0
India,16-10-2019,Power,3.24784,1571184000,3.248,0,1.17799016,1,0
India,17-10-2019,Power,3.22963,1571270400,3.23,0,1.17236758,1,0
India,18-10-2019,Power,3.16245,1571356800,3.162,0,1.151347044,1,0
India,19-10-2019,Power,3.09526,1571443200,3.095,0,1.129871909,1,0
India,20-10-2019,Power,2.93614,1571529600,2.936,0,1.077095794,1,0
India,21-10-2019,Power,2.8971,1571616000,2.897,0,1.063710237,1,0
India,22-10-2019,Power,2.91821,1571702400,2.918,0,1.070970415,1,0
India,23-10-2019,Power,2.91661,1571788800,2.917,0,1.070421983,1,0
India,24-10-2019,Power,2.70606,1571875200,2.706,0,0.995493702,1,0
India,25-10-2019,Power,2.73832,1571961600,2.738,0,1.007344594,1,0
India,26-10-2019,Power,2.56874,1572048000,2.569,0,0.943415506,1,0
India,27-10-2019,Power,3.28535,1572134400,3.285,0,1.189473191,1,0
India,28-10-2019,Power,3.25318,1572220800,3.253,0,1.179632979,1,0
India,29-10-2019,Power,3.31537,1572307200,3.315,0,1.198569231,1,0
India,30-10-2019,Power,2.53185,1572393600,2.532,0,0.928950261,1,0
India,31-10-2019,Power,2.63168,1572480000,2.632,0,0.967622426,1,0
India,01-11-2019,Power,2.69739,1572566400,2.697,0,0.992284639,1,0
India,02-11-2019,Power,2.77462,1572652800,2.775,0,1.020513801,1,0
India,03-11-2019,Power,2.70943,1572739200,2.709,0,0.996738281,1,0
India,04-11-2019,Power,2.89258,1572825600,2.893,0,1.062148837,1,0
India,05-11-2019,Power,3.00726,1572912000,3.007,0,1.101029365,1,0
India,06-11-2019,Power,3.07729,1572998400,3.077,0,1.12404934,1,0
India,07-11-2019,Power,2.97148,1573084800,2.971,0,1.089060145,1,0
India,08-11-2019,Power,2.87099,1573171200,2.871,0,1.054656918,1,0
India,09-11-2019,Power,2.80479,1573257600,2.805,0,1.03132867,1,0
India,10-11-2019,Power,2.75613,1573344000,2.756,0,1.013827522,1,0
India,11-11-2019,Power,2.96178,1573430400,2.962,0,1.085790439,1,0
India,12-11-2019,Power,3.02781,1573516800,3.028,0,1.107839586,1,0
India,13-11-2019,Power,3.06871,1573603200,3.069,0,1.121257278,1,0
India,14-11-2019,Power,3.07865,1573689600,3.079,0,1.124491189,1,0
India,15-11-2019,Power,3.0886,1573776000,3.089,0,1.127717914,1,0
India,16-11-2019,Power,3.08366,1573862400,3.084,0,1.126117203,1,0
India,17-11-2019,Power,3.18128,1573948800,3.181,0,1.157283632,1,0
India,18-11-2019,Power,3.2789,1574035200,3.279,0,1.187508,1,0
India,19-11-2019,Power,3.14377,1574121600,3.144,0,1.145422717,1,0
India,20-11-2019,Power,3.18869,1574208000,3.189,0,1.159610174,1,0
India,21-11-2019,Power,3.32009,1574294400,3.32,0,1.199991891,1,0
India,22-11-2019,Power,3.15483,1574380800,3.155,0,1.148934612,1,0
India,23-11-2019,Power,3.07413,1574467200,3.074,0,1.123021934,1,0
India,24-11-2019,Power,2.99182,1574553600,2.992,0,1.095881898,1,0
India,25-11-2019,Power,3.11512,1574640000,3.115,0,1.136267675,1,0
India,26-11-2019,Power,3.12632,1574726400,3.126,0,1.139856594,1,0
India,27-11-2019,Power,3.11452,1574812800,3.115,0,1.136075047,1,0
India,28-11-2019,Power,3.01332,1574899200,3.013,0,1.103042461,1,0
India,29-11-2019,Power,3.02145,1574985600,3.021,0,1.105736849,1,0
India,30-11-2019,Power,3.00099,1575072000,3.001,0,1.098942234,1,0
India,01-12-2019,Power,2.87891,1575158400,2.879,0,1.05741175,1,0
India,02-12-2019,Power,2.96231,1575244800,2.962,0,1.085969369,1,0
India,03-12-2019,Power,2.98193,1575331200,2.982,0,1.092570742,1,0
India,04-12-2019,Power,3.0261,1575417600,3.026,0,1.107274662,1,0
India,05-12-2019,Power,3.05085,1575504000,3.051,0,1.11542024,1,0
India,06-12-2019,Power,3.0601,1575590400,3.06,0,1.118447595,1,0
India,07-12-2019,Power,3.02376,1575676800,3.024,0,1.10650109,1,0
India,08-12-2019,Power,2.94625,1575763200,2.946,0,1.080533175,1,0
India,09-12-2019,Power,3.06645,1575849600,3.066,0,1.120520541,1,0
India,10-12-2019,Power,3.24528,1575936000,3.245,0,1.177201633,1,0
India,11-12-2019,Power,3.3339,1576022400,3.334,0,1.20414279,1,0
India,12-12-2019,Power,3.27151,1576108800,3.272,0,1.185251652,1,0
India,13-12-2019,Power,3.01693,1576195200,3.017,0,1.104239758,1,0
India,14-12-2019,Power,3.06036,1576281600,3.06,0,1.118532556,1,0
India,15-12-2019,Power,2.88908,1576368000,2.889,0,1.060938112,1,0
India,16-12-2019,Power,2.96258,1576454400,2.963,0,1.08606051,1,0
India,17-12-2019,Power,3.05448,1576540800,3.054,0,1.116609365,1,0
India,18-12-2019,Power,3.16431,1576627200,3.164,0,1.151935022,1,0
India,19-12-2019,Power,3.24229,1576713600,3.242,0,1.17627987,1,0
India,20-12-2019,Power,3.35491,1576800000,3.355,0,1.210424944,1,0
India,21-12-2019,Power,3.28207,1576886400,3.282,0,1.188474321,1,0
India,22-12-2019,Power,3.11341,1576972800,3.113,0,1.135718589,1,0
India,23-12-2019,Power,3.25993,1577059200,3.26,0,1.181705723,1,0
India,24-12-2019,Power,3.35855,1577145600,3.359,0,1.211509333,1,0
India,25-12-2019,Power,3.34352,1577232000,3.344,0,1.207024144,1,0
India,26-12-2019,Power,3.4655,1577318400,3.466,0,1.242856922,1,0
India,27-12-2019,Power,3.41216,1577404800,3.412,0,1.227345522,1,0
India,28-12-2019,Power,3.34949,1577491200,3.349,0,1.208808095,1,0
India,29-12-2019,Power,3.26208,1577577600,3.262,0,1.182365029,1,0
India,30-12-2019,Power,3.39852,1577664000,3.399,0,1.223340043,1,0
India,31-12-2019,Power,3.42953,1577750400,3.43,0,1.232423226,1,0
India,01-01-2020,Power,3.29418,1577836800,3.294,0,1.192157275,1,0
India,02-01-2020,Power,3.33155,1577923200,3.332,0,1.203437661,1,0
India,03-01-2020,Power,3.37018,1578009600,3.37,0,1.214966155,1,0
India,04-01-2020,Power,3.4321,1578096000,3.432,0,1.233172319,1,0
India,05-01-2020,Power,3.24478,1578182400,3.245,0,1.177047551,1,0
India,06-01-2020,Power,3.31424,1578268800,3.314,0,1.198228336,1,0
India,07-01-2020,Power,3.40049,1578355200,3.4,0,1.223919539,1,0
India,08-01-2020,Power,3.38418,1578441600,3.384,0,1.219111632,1,0
India,09-01-2020,Power,3.31984,1578528000,3.32,0,1.199916589,1,0
India,10-01-2020,Power,3.30194,1578614400,3.302,0,1.194510175,1,0
India,11-01-2020,Power,3.35197,1578700800,3.352,0,1.209548233,1,0
India,12-01-2020,Power,3.33081,1578787200,3.331,0,1.203215518,1,0
India,13-01-2020,Power,3.41041,1578873600,3.41,0,1.226832519,1,0
India,14-01-2020,Power,3.31023,1578960000,3.31,0,1.197017673,1,0
India,15-01-2020,Power,3.21005,1579046400,3.21,0,1.166286513,1,0
India,16-01-2020,Power,3.16513,1579132800,3.165,0,1.152194129,1,0
India,17-01-2020,Power,3.29708,1579219200,3.297,0,1.193037228,1,0
India,18-01-2020,Power,3.31793,1579305600,3.318,0,1.199341094,1,0
India,19-01-2020,Power,3.13773,1579392000,3.138,0,1.143499609,1,0
India,20-01-2020,Power,3.34885,1579478400,3.349,0,1.208617003,1,0
India,21-01-2020,Power,3.41177,1579564800,3.412,0,1.227231218,1,0
India,22-01-2020,Power,3.29465,1579651200,3.295,0,1.192299941,1,0
India,23-01-2020,Power,3.32812,1579737600,3.328,0,1.20240758,1,0
India,24-01-2020,Power,3.43765,1579824000,3.438,0,1.234788098,1,0
India,25-01-2020,Power,3.45933,1579910400,3.459,0,1.241074929,1,0
India,26-01-2020,Power,3.29287,1579996800,3.293,0,1.191759525,1,0
India,27-01-2020,Power,3.434,1580083200,3.434,0,1.233725762,1,0
India,28-01-2020,Power,3.46266,1580169600,3.463,0,1.24203708,1,0
India,29-01-2020,Power,3.50511,1580256000,3.505,0,1.254221904,1,0
India,30-01-2020,Power,3.50151,1580342400,3.502,0,1.253194304,1,0
India,31-01-2020,Power,3.51582,1580428800,3.516,0,1.257272784,1,0
India,01-02-2020,Power,3.4201,1580515200,3.42,0,1.22966979,1,0
India,02-02-2020,Power,3.26544,1580601600,3.265,0,1.183394516,1,0
India,03-02-2020,Power,3.40759,1580688000,3.408,0,1.226005297,1,0
India,04-02-2020,Power,3.52752,1580774400,3.528,0,1.260595074,1,0
India,05-02-2020,Power,3.53797,1580860800,3.538,0,1.263553116,1,0
India,06-02-2020,Power,3.57191,1580947200,3.572,0,1.273100467,1,0
India,07-02-2020,Power,3.5897,1581033600,3.59,0,1.278068634,1,0
India,08-02-2020,Power,3.49865,1581120000,3.499,0,1.25237718,1,0
India,09-02-2020,Power,3.34852,1581206400,3.349,0,1.208518457,1,0
India,10-02-2020,Power,3.42881,1581292800,3.429,0,1.232213262,1,0
India,11-02-2020,Power,3.5091,1581379200,3.509,0,1.255359594,1,0
India,12-02-2020,Power,3.55111,1581465600,3.551,0,1.267260231,1,0
India,13-02-2020,Power,3.6522,1581552000,3.652,0,1.295329726,1,0
India,14-02-2020,Power,3.61066,1581638400,3.611,0,1.283890581,1,0
India,15-02-2020,Power,3.56911,1581724800,3.569,0,1.272316265,1,0
India,16-02-2020,Power,3.52757,1581811200,3.528,0,1.260609249,1,0
India,17-02-2020,Power,3.59736,1581897600,3.597,0,1.280200243,1,0
India,18-02-2020,Power,3.70457,1581984000,3.705,0,1.309567193,1,0
India,19-02-2020,Power,3.6909,1582070400,3.691,0,1.305870331,1,0
India,20-02-2020,Power,3.57044,1582156800,3.57,0,1.272688837,1,0
India,21-02-2020,Power,3.44401,1582243200,3.444,0,1.23663649,1,0
India,22-02-2020,Power,3.44354,1582329600,3.444,0,1.236500012,1,0
India,23-02-2020,Power,3.36478,1582416000,3.365,0,1.213362582,1,0
India,24-02-2020,Power,3.53006,1582502400,3.53,0,1.261314868,1,0
India,25-02-2020,Power,3.56944,1582588800,3.569,0,1.272408721,1,0
India,26-02-2020,Power,3.584,1582675200,3.584,0,1.276479495,1,0
India,27-02-2020,Power,3.51101,1582761600,3.511,0,1.255903745,1,0
India,28-02-2020,Power,3.49198,1582848000,3.492,0,1.250468911,1,0
India,29-02-2020,Power,3.47296,1582934400,3.473,0,1.245007256,1,0
India,01-03-2020,Power,3.25132,1583020800,3.251,1,1.179061068,1,1
India,02-03-2020,Power,3.49925,1583107200,3.499,1,1.25254866,1,1
India,03-03-2020,Power,3.54612,1583193600,3.546,1,1.265854048,1,1
India,04-03-2020,Power,3.44941,1583280000,3.449,1,1.238203202,1,1
India,05-03-2020,Power,3.37104,1583366400,3.371,1,1.215221302,1,1
India,06-03-2020,Power,3.2359,1583452800,3.236,1,1.174307096,1,1
India,07-03-2020,Power,3.37613,1583539200,3.376,1,1.216730083,1,1
India,08-03-2020,Power,3.273,1583625600,3.273,1,1.185706996,1,1
India,09-03-2020,Power,3.25289,1583712000,3.253,1,1.179543832,1,1
India,10-03-2020,Power,2.85926,1583798400,2.859,1,1.05056285,1,1
India,11-03-2020,Power,3.21597,1583884800,3.216,1,1.168129023,1,1
India,12-03-2020,Power,3.21597,1583971200,3.216,1,1.168129023,1,1
India,13-03-2020,Power,3.29221,1584057600,3.292,1,1.191559072,1,1
India,14-03-2020,Power,3.26082,1584144000,3.261,1,1.181978697,1,1
India,15-03-2020,Power,3.11508,1584230400,3.115,1,1.136254834,1,1
India,16-03-2020,Power,3.24827,1584316800,3.248,1,1.178122547,1,1
India,17-03-2020,Power,3.37897,1584403200,3.379,1,1.217570929,1,1
India,18-03-2020,Power,3.46226,1584489600,3.462,1,1.241921555,1,1
India,19-03-2020,Power,3.49282,1584576000,3.493,1,1.250709433,1,1
India,20-03-2020,Power,3.3506,1584662400,3.351,1,1.209139434,1,1
India,21-03-2020,Power,3.30766,1584748800,3.308,1,1.196240991,1,1
India,22-03-2020,Power,2.87222,1584835200,2.872,1,1.05508525,1,1
India,23-03-2020,Power,2.984,1584921600,2.984,1,1.093264682,1,1
India,24-03-2020,Power,2.55245,1585008000,2.552,1,0.937053682,0,0
India,25-03-2020,Power,2.55245,1585094400,2.552,1,0.937053682,0,0
India,26-03-2020,Power,3.88563,1585180800,3.886,1,1.357285133,0,0
India,27-03-2020,Power,3.92567,1585267200,3.926,1,1.367537037,0,0
India,28-03-2020,Power,3.89255,1585353600,3.893,1,1.35906447,0,0
India,29-03-2020,Power,3.75719,1585440000,3.757,1,1.323671338,0,0
India,30-03-2020,Power,3.6477,1585526400,3.648,1,1.294096832,0,0
India,31-03-2020,Power,3.76364,1585612800,3.764,1,1.325386574,0,0
India,01-04-2020,Power,3.84156,1585699200,3.842,1,1.345878534,0,0
India,02-04-2020,Power,3.90887,1585785600,3.909,1,1.36324833,0,0
India,03-04-2020,Power,3.95743,1585872000,3.957,1,1.375594825,0,0
India,04-04-2020,Power,3.86719,1585958400,3.867,1,1.352528145,0,0
India,05-04-2020,Power,3.88621,1586044800,3.886,1,1.35743439,0,0
India,06-04-2020,Power,3.7352,1586131200,3.735,1,1.317801365,0,0
India,07-04-2020,Power,3.91271,1586217600,3.913,1,1.364230229,0,0
India,08-04-2020,Power,3.91366,1586304000,3.914,1,1.364472998,0,0
India,09-04-2020,Power,3.91865,1586390400,3.919,1,1.365747207,0,0
India,10-04-2020,Power,3.87481,1586476800,3.875,1,1.354496629,0,0
India,11-04-2020,Power,3.87073,1586563200,3.871,1,1.35344312,0,0
India,12-04-2020,Power,3.90672,1586649600,3.907,1,1.362698147,0,0
India,13-04-2020,Power,2.57782,1586736000,2.578,1,0.946944081,0,0
India,14-04-2020,Power,2.62719,1586822400,2.627,1,0.965914834,0,0
India,15-04-2020,Power,2.59893,1586908800,2.599,1,0.955099822,0,0
India,16-04-2020,Power,2.63441,1586995200,2.634,1,0.968659248,0,0
India,17-04-2020,Power,2.62402,1587081600,2.624,1,0.964707493,0,0
India,18-04-2020,Power,2.58153,1587168000,2.582,1,0.948382246,0,0
India,19-04-2020,Power,3.08205,1587254400,3.082,1,1.12559496,0,0
India,20-04-2020,Power,2.53001,1587340800,2.53,1,0.928223255,0,0
India,21-04-2020,Power,3.747,1587427200,3.747,1,1.32095552,0,0
India,22-04-2020,Power,2.56724,1587513600,2.567,1,0.942831392,0,0
India,23-04-2020,Power,2.55409,1587600000,2.554,1,0.937695996,0,0
India,24-04-2020,Power,2.53622,1587686400,2.536,1,0.930674784,0,0
India,25-04-2020,Power,3.74991,1587772800,3.75,1,1.32173184,0,0
India,26-04-2020,Power,3.85896,1587859200,3.859,1,1.350397717,0,0
India,27-04-2020,Power,3.80116,1587945600,3.801,1,1.335306283,0,0
India,28-04-2020,Power,3.85505,1588032000,3.855,1,1.349383977,0,0
India,29-04-2020,Power,2.60561,1588118400,2.606,1,0.957666813,0,0
India,30-04-2020,Power,2.60561,1588204800,2.606,1,0.957666813,0,0
India,01-05-2020,Power,3.57923,1588291200,3.579,1,1.275147693,0,0
India,02-05-2020,Power,2.53807,1588377600,2.538,1,0.93140395,0,0
India,03-05-2020,Power,3.50626,1588464000,3.506,1,1.254549942,0,0
India,04-05-2020,Power,2.5665,1588550400,2.566,1,0.942543103,0,0
India,05-05-2020,Power,2.6447,1588636800,2.645,1,0.972557637,0,0
India,06-05-2020,Power,2.62899,1588723200,2.629,1,0.966599742,0,0
India,07-05-2020,Power,2.68288,1588809600,2.683,1,0.986890844,0,0
India,08-05-2020,Power,2.84083,1588896000,2.841,1,1.044096263,0,0
India,09-05-2020,Power,2.92197,1588982400,2.922,1,1.072258046,0,0
India,10-05-2020,Power,2.70614,1589068800,2.706,1,0.995523265,0,0
India,11-05-2020,Power,2.88145,1589155200,2.881,1,1.05829364,0,0
India,12-05-2020,Power,2.88145,1589241600,2.881,1,1.05829364,0,0
India,13-05-2020,Power,2.95013,1589328000,2.95,1,1.081849237,0,0
India,14-05-2020,Power,3.01882,1589414400,3.019,1,1.104866027,0,0
India,15-05-2020,Power,3.06266,1589500800,3.063,1,1.119283819,0,0
India,16-05-2020,Power,3.04566,1589587200,3.046,1,1.113717626,0,0
India,17-05-2020,Power,2.92224,1589673600,2.922,1,1.072350445,0,0
India,18-05-2020,Power,2.94428,1589760000,2.944,1,1.079864305,0,0
India,19-05-2020,Power,2.89417,1589846400,2.894,1,1.062698369,0,0
India,20-05-2020,Power,2.82248,1589932800,2.822,1,1.037615931,0,0
India,21-05-2020,Power,2.88568,1590019200,2.886,1,1.059760574,0,0
India,22-05-2020,Power,2.94888,1590105600,2.949,1,1.081425437,0,0
India,23-05-2020,Power,3.08741,1590192000,3.087,1,1.127332552,0,0
India,24-05-2020,Power,3.12734,1590278400,3.127,1,1.140182803,0,0
India,25-05-2020,Power,3.18663,1590364800,3.187,1,1.158963932,0,0
India,26-05-2020,Power,3.07959,1590451200,3.08,1,1.124796471,0,0
India,27-05-2020,Power,3.07959,1590537600,3.08,1,1.124796471,0,0
India,28-05-2020,Power,2.96086,1590624000,2.961,1,1.085479767,0,0
India,29-05-2020,Power,2.84212,1590710400,2.842,1,1.044550253,0,0
India,30-05-2020,Power,2.88069,1590796800,2.881,1,1.058029849,0,0
India,31-05-2020,Power,2.72287,1590883200,2.723,1,1.001686471,0,0
India,01-06-2020,Power,2.81281,1590969600,2.813,1,1.034183984,1,1
India,02-06-2020,Power,2.81208,1591056000,2.812,1,1.033924423,1,1
India,03-06-2020,Power,2.76442,1591142400,2.764,1,1.016830848,1,1
India,04-06-2020,Power,2.68352,1591228800,2.684,1,0.987129366,1,1
India,05-06-2020,Power,2.59168,1591315200,2.592,1,0.952306314,1,1
India,06-06-2020,Power,2.59758,1591401600,2.598,1,0.954580242,1,1
India,07-06-2020,Power,2.60348,1591488000,2.603,1,0.956849012,1,1
India,08-06-2020,Power,2.79889,1591574400,2.799,1,1.02922291,1,1
India,09-06-2020,Power,2.79889,1591660800,2.799,1,1.02922291,1,1
India,10-06-2020,Power,3.05354,1591747200,3.054,1,1.116301573,1,1
India,11-06-2020,Power,3.03494,1591833600,3.035,1,1.110191655,1,1
India,12-06-2020,Power,3.00685,1591920000,3.007,1,1.100893019,1,1
India,13-06-2020,Power,2.94311,1592006400,2.943,1,1.079466845,1,1
India,14-06-2020,Power,2.9474,1592092800,2.947,1,1.080923426,1,1
India,15-06-2020,Power,2.9517,1592179200,2.952,1,1.082381276,1,1
India,16-06-2020,Power,2.99224,1592265600,2.992,1,1.096022271,1,1
India,17-06-2020,Power,2.97567,1592352000,2.976,1,1.090469224,1,1
India,18-06-2020,Power,2.98733,1592438400,2.987,1,1.094380012,1,1
India,19-06-2020,Power,2.97537,1592524800,2.975,1,1.090368401,1,1
India,20-06-2020,Power,2.93699,1592611200,2.937,1,1.077385247,1,1
India,21-06-2020,Power,2.82092,1592697600,2.821,1,1.037063073,1,1
India,22-06-2020,Power,2.95115,1592784000,2.951,1,1.082194925,1,1
India,23-06-2020,Power,3.08137,1592870400,3.081,1,1.125374303,1,1
India,24-06-2020,Power,3.17512,1592956800,3.175,1,1.155345427,1,1
India,25-06-2020,Power,3.15469,1593043200,3.155,1,1.148890234,1,1
India,26-06-2020,Power,3.10058,1593129600,3.101,1,1.131589191,1,1
India,27-06-2020,Power,3.09083,1593216000,3.091,1,1.128439663,1,1
India,28-06-2020,Power,2.99119,1593302400,2.991,1,1.095671302,1,1
India,29-06-2020,Power,3.1253,1593388800,3.125,1,1.139530279,1,1
India,30-06-2020,Power,3.17327,1593475200,3.173,1,1.154762602,1,1
India,01-07-2020,Power,3.22134,1593561600,3.221,1,1.169797422,1,1
India,02-07-2020,Power,3.27743,1593648000,3.277,1,1.187059579,1,1
India,03-07-2020,Power,3.23082,1593734400,3.231,1,1.172735975,1,1
India,04-07-2020,Power,3.09411,1593820800,3.094,1,1.129500304,1,1
India,05-07-2020,Power,2.77594,1593907200,2.776,1,1.020989429,1,1
India,06-07-2020,Power,2.77594,1593993600,2.776,1,1.020989429,1,1
India,07-07-2020,Power,2.87596,1594080000,2.876,1,1.056386532,1,1
India,08-07-2020,Power,2.9918,1594166400,2.992,1,1.095875213,1,1
India,09-07-2020,Power,3.10763,1594252800,3.108,1,1.133860378,1,1
India,10-07-2020,Power,3.09116,1594339200,3.091,1,1.128546425,1,1
India,11-07-2020,Power,2.93824,1594425600,2.938,1,1.077810763,1,1
India,12-07-2020,Power,2.61769,1594512000,2.618,1,0.962292249,1,1
India,13-07-2020,Power,3.00537,1594598400,3.005,1,1.100400689,1,1
India,14-07-2020,Power,3.05734,1594684800,3.057,1,1.117545257,1,1
India,15-07-2020,Power,3.10931,1594771200,3.109,1,1.134400837,1,1
India,16-07-2020,Power,3.16128,1594857600,3.161,1,1.150977009,1,1
India,17-07-2020,Power,3.21325,1594944000,3.213,1,1.167282886,1,1
India,18-07-2020,Power,3.33096,1595030400,3.331,1,1.203260551,1,1
India,19-07-2020,Power,2.99084,1595116800,2.991,1,1.095554284,1,1
India,20-07-2020,Power,2.99084,1595203200,2.991,1,1.095554284,1,1
India,21-07-2020,Power,3.10406,1595289600,3.104,1,1.132710932,1,1
India,22-07-2020,Power,3.10406,1595376000,3.104,1,1.132710932,1,1
India,23-07-2020,Power,3.18011,1595462400,3.18,1,1.156915787,1,1
India,24-07-2020,Power,3.21489,1595548800,3.215,1,1.167793142,1,1
India,25-07-2020,Power,3.24967,1595635200,3.25,1,1.178553453,1,1
India,26-07-2020,Power,3.17726,1595721600,3.177,1,1.15601919,1,1
India,27-07-2020,Power,3.35655,1595808000,3.357,1,1.210913661,1,1
India,28-07-2020,Power,3.42628,1595894400,3.426,1,1.231475125,1,1
India,29-07-2020,Power,3.33544,1595980800,3.335,1,1.204604605,1,1
India,30-07-2020,Power,3.35406,1596067200,3.354,1,1.210171552,1,1
India,31-07-2020,Power,3.35406,1596153600,3.354,1,1.210171552,1,1
India,01-08-2020,Power,3.24343,1596240000,3.243,1,1.176631412,1,1
India,02-08-2020,Power,3.1324,1596326400,3.132,1,1.141799484,1,1
India,03-08-2020,Power,3.05215,1596412800,3.052,1,1.11584626,1,1
India,04-08-2020,Power,3.00407,1596499200,3.004,1,1.099968036,1,1
India,05-08-2020,Power,2.93571,1596585600,2.936,1,1.076949332,1,1
India,06-08-2020,Power,2.86736,1596672000,2.867,1,1.053391746,1,1
India,07-08-2020,Power,3.04993,1596758400,3.05,1,1.11511864,1,1
India,08-08-2020,Power,3.13113,1596844800,3.131,1,1.141393962,1,1
India,09-08-2020,Power,3.0462,1596931200,3.046,1,1.113894912,1,1
India,10-08-2020,Power,3.00114,1597017600,3.001,1,1.098992216,1,1
India,11-08-2020,Power,2.95607,1597104000,2.956,1,1.083860683,1,1
India,12-08-2020,Power,2.77663,1597190400,2.777,1,1.021237962,1,1
India,13-08-2020,Power,2.68764,1597276800,2.688,1,0.988663485,1,1
India,14-08-2020,Power,2.68764,1597363200,2.688,1,0.988663485,1,1
India,15-08-2020,Power,2.65249,1597449600,2.652,1,0.975498821,1,1
India,16-08-2020,Power,2.61733,1597536000,2.617,1,0.962154714,1,1
India,17-08-2020,Power,2.75399,1597622400,2.754,1,1.013050769,1,1
India,18-08-2020,Power,2.89066,1597708800,2.891,1,1.06148485,1,1
India,19-08-2020,Power,2.75342,1597795200,2.753,1,1.012843775,1,1
India,20-08-2020,Power,2.69138,1597881600,2.691,1,0.990054073,1,1
India,21-08-2020,Power,2.71282,1597968000,2.713,1,0.997988684,1,1
India,22-08-2020,Power,2.67912,1598054400,2.679,1,0.985488382,1,1
India,23-08-2020,Power,2.57809,1598140800,2.578,1,0.947048815,1,1
India,24-08-2020,Power,2.72404,1598227200,2.724,1,1.002116072,1,1
India,25-08-2020,Power,2.85405,1598313600,2.854,1,1.048739038,1,1
India,26-08-2020,Power,2.96152,1598400000,2.962,1,1.08570265,1,1
India,27-08-2020,Power,2.96152,1598486400,2.962,1,1.08570265,1,1
India,28-08-2020,Power,2.93377,1598572800,2.934,1,1.076288285,1,1
India,29-08-2020,Power,2.9304,1598659200,2.93,1,1.075138932,1,1
India,30-08-2020,Power,2.76544,1598745600,2.765,1,1.017199754,1,1
India,31-08-2020,Power,2.94337,1598832000,2.943,1,1.079555183,1,1
India,01-09-2020,Power,3.11841,1598918400,3.118,1,1.137323257,1,1
India,02-09-2020,Power,3.17924,1599004800,3.179,1,1.156642175,1,1
India,03-09-2020,Power,3.24007,1599091200,3.24,1,1.175594935,1,1
India,04-09-2020,Power,3.31079,1599177600,3.311,1,1.197186832,1,1
India,05-09-2020,Power,3.33772,1599264000,3.338,1,1.205287939,1,1
India,06-09-2020,Power,3.10553,1599350400,3.106,1,1.133184393,1,1
India,07-09-2020,Power,3.19906,1599436800,3.199,1,1.162857017,1,1
India,08-09-2020,Power,3.53634,1599523200,3.536,1,1.263092294,1,1
India,09-09-2020,Power,3.53634,1599609600,3.536,1,1.263092294,1,1
India,10-09-2020,Power,3.48765,1599696000,3.488,1,1.249228157,1,1
India,11-09-2020,Power,3.41663,1599782400,3.417,1,1.228654685,1,1
India,12-09-2020,Power,3.29865,1599868800,3.299,1,1.193513294,1,1
India,13-09-2020,Power,3.18067,1599955200,3.181,1,1.157091866,1,1
India,14-09-2020,Power,3.2164,1600041600,3.216,1,1.168262722,1,1
India,15-09-2020,Power,3.27164,1600128000,3.272,1,1.185291388,1,1
India,16-09-2020,Power,3.33191,1600214400,3.332,1,1.203545713,1,1
India,17-09-2020,Power,3.15518,1600300800,3.155,1,1.149045547,1,1
India,18-09-2020,Power,3.21978,1600387200,3.22,1,1.169313034,1,1
India,19-09-2020,Power,3.33585,1600473600,3.336,1,1.204727519,1,1
India,20-09-2020,Power,3.23804,1600560000,3.238,1,1.174968208,1,1
India,21-09-2020,Power,3.14022,1600646400,3.14,1,1.144292861,1,1
India,22-09-2020,Power,3.08685,1600732800,3.087,1,1.127151153,1,1
India,23-09-2020,Power,2.967,1600819200,2.967,1,1.087551341,1,1
India,24-09-2020,Power,3.07501,1600905600,3.075,1,1.123308153,1,1
India,25-09-2020,Power,3.13558,1600992000,3.136,1,1.142814165,1,1
India,26-09-2020,Power,3.02744,1601078400,3.027,1,1.107717378,1,1
India,27-09-2020,Power,3.01184,1601164800,3.012,1,1.102551188,1,1
India,28-09-2020,Power,3.27346,1601251200,3.273,1,1.185847529,1,1
India,29-09-2020,Power,3.30082,1601337600,3.301,1,1.194170922,1,1
India,30-09-2020,Power,3.30082,1601424000,3.301,1,1.194170922,1,1
India,01-10-2020,Power,3.19647,1601510400,3.196,1,1.162047076,1,1
India,02-10-2020,Power,3.11986,1601596800,3.12,1,1.137788129,1,1
India,03-10-2020,Power,3.22372,1601683200,3.224,1,1.170535972,1,1
India,04-10-2020,Power,3.106,1601769600,3.106,1,1.133335725,1,1
India,05-10-2020,Power,3.2852,1601856000,3.285,1,1.189427533,1,1
India,06-10-2020,Power,3.39168,1601942400,3.392,1,1.221325374,1,1
India,07-10-2020,Power,3.48828,1602028800,3.488,1,1.249408778,1,1
India,08-10-2020,Power,3.54018,1602115200,3.54,1,1.264177573,1,1
India,09-10-2020,Power,3.56291,1602201600,3.563,1,1.270577627,1,1
India,10-10-2020,Power,3.5098,1602288000,3.51,1,1.255559056,1,1
India,11-10-2020,Power,3.24514,1602374400,3.245,1,1.177158493,1,1
India,12-10-2020,Power,3.32964,1602460800,3.33,1,1.20286419,1,1
India,13-10-2020,Power,3.35973,1602547200,3.36,1,1.211860614,1,1
India,14-10-2020,Power,3.18282,1602633600,3.183,1,1.157767596,1,1
India,15-10-2020,Power,3.20031,1602720000,3.2,1,1.16324768,1,1
India,16-10-2020,Power,3.26985,1602806400,3.27,1,1.184744112,1,1
India,17-10-2020,Power,3.22676,1602892800,3.227,1,1.171478538,1,1
India,18-10-2020,Power,3.22676,1602979200,3.227,1,1.171478538,1,1
India,19-10-2020,Power,3.29806,1603065600,3.298,1,1.193334417,1,1
India,20-10-2020,Power,3.308,1603152000,3.308,1,1.196343777,1,1
India,21-10-2020,Power,3.31793,1603238400,3.318,1,1.199341094,1,1
India,22-10-2020,Power,3.28489,1603324800,3.285,1,1.189333166,1,1
India,23-10-2020,Power,3.15183,1603411200,3.152,1,1.147983237,1,1
India,24-10-2020,Power,3.15183,1603497600,3.152,1,1.147983237,1,1
India,25-10-2020,Power,2.98741,1603584000,2.987,1,1.094406791,1,1
India,26-10-2020,Power,3.11276,1603670400,3.113,1,1.135509792,1,1
India,27-10-2020,Power,3.18221,1603756800,3.182,1,1.157575924,1,1
India,28-10-2020,Power,3.25165,1603843200,3.252,1,1.17916256,1,1
India,29-10-2020,Power,3.3211,1603929600,3.321,1,1.200296053,1,1
India,30-10-2020,Power,3.33224,1604016000,3.332,1,1.203644751,1,1
India,31-10-2020,Power,3.33857,1604102400,3.339,1,1.205542572,1,1
India,01-11-2020,Power,3.20194,1604188800,3.202,1,1.163756876,1,1
India,02-11-2020,Power,3.31759,1604275200,3.318,1,1.199238616,1,1
India,03-11-2020,Power,3.35887,1604361600,3.359,1,1.211604608,1,1
India,04-11-2020,Power,3.36051,1604448000,3.361,1,1.212092748,1,1
India,05-11-2020,Power,3.30814,1604534400,3.308,1,1.196386098,1,1
India,06-11-2020,Power,3.35618,1604620800,3.356,1,1.210803422,1,1
India,07-11-2020,Power,3.32161,1604707200,3.322,1,1.200449605,1,1
India,08-11-2020,Power,3.20284,1604793600,3.203,1,1.164037916,1,1
India,09-11-2020,Power,3.29644,1604880000,3.296,1,1.192843098,1,1
India,10-11-2020,Power,3.29644,1604966400,3.296,1,1.192843098,1,1
India,11-11-2020,Power,3.26487,1605052800,3.265,1,1.183219946,1,1
India,12-11-2020,Power,3.31755,1605139200,3.318,1,1.199226559,1,1
India,13-11-2020,Power,3.04379,1605225600,3.044,1,1.113103449,1,1
India,14-11-2020,Power,2.77004,1605312000,2.77,1,1.018861761,1,1
India,15-11-2020,Power,2.71408,1605398400,2.714,1,0.998453038,1,1
India,16-11-2020,Power,2.65812,1605484800,2.658,1,0.977619106,1,1
India,17-11-2020,Power,2.89667,1605571200,2.897,1,1.063561801,1,1
India,18-11-2020,Power,3.05839,1605657600,3.058,1,1.117888634,1,1
India,19-11-2020,Power,3.10383,1605744000,3.104,1,1.132636833,1,1
India,20-11-2020,Power,3.11962,1605830400,3.12,1,1.1377112,1,1
India,21-11-2020,Power,3.08078,1605916800,3.081,1,1.125182812,1,1
India,22-11-2020,Power,3.06352,1606003200,3.064,1,1.119564582,1,1
India,23-11-2020,Power,3.19114,1606089600,3.191,1,1.16037822,1,1
India,24-11-2020,Power,3.24681,1606176000,3.247,1,1.177672976,1,1
India,25-11-2020,Power,3.15108,1606262400,3.151,1,1.147745251,1,1
India,26-11-2020,Power,2.95024,1606348800,2.95,1,1.081886523,1,1
India,27-11-2020,Power,2.96666,1606435200,2.967,1,1.087436741,1,1
India,28-11-2020,Power,3.04019,1606521600,3.04,1,1.111920013,1,1
India,29-11-2020,Power,3.12683,1606608000,3.127,1,1.140019712,1,1
India,30-11-2020,Power,3.21347,1606694400,3.213,1,1.16735135,1,1
India,01-12-2020,Power,3.23283,1606780800,3.233,1,1.173357915,1,1
India,02-12-2020,Power,3.23283,1606867200,3.233,1,1.173357915,1,1
India,03-12-2020,Power,3.348,1606953600,3.348,1,1.208363153,1,1
India,04-12-2020,Power,3.36088,1607040000,3.361,1,1.212202844,1,1
India,05-12-2020,Power,3.33771,1607126400,3.338,1,1.205284943,1,1
India,06-12-2020,Power,3.17006,1607212800,3.17,1,1.153750515,1,1
India,07-12-2020,Power,3.2778,1607299200,3.278,1,1.187172466,1,1
India,08-12-2020,Power,3.33961,1607385600,3.34,1,1.205854034,1,1
India,09-12-2020,Power,3.31249,1607472000,3.312,1,1.197700172,1,1
India,10-12-2020,Power,3.30858,1607558400,3.309,1,1.196519094,1,1
India,11-12-2020,Power,3.28392,1607644800,3.284,1,1.189037831,1,1
India,12-12-2020,Power,3.0589,1607731200,3.059,1,1.118055374,1,1
India,13-12-2020,Power,3.0589,1607817600,3.059,1,1.118055374,1,1
India,14-12-2020,Power,3.13646,1607904000,3.136,1,1.143094775,1,1
India,15-12-2020,Power,3.21401,1607990400,3.214,1,1.167519379,1,1
India,16-12-2020,Power,3.29157,1608076800,3.292,1,1.191364655,1,1
India,17-12-2020,Power,3.3404,1608163200,3.34,1,1.20609056,1,1
India,18-12-2020,Power,3.41821,1608249600,3.418,1,1.229117022,1,1
India,19-12-2020,Power,3.39682,1608336000,3.397,1,1.2228397,1,1
India,20-12-2020,Power,3.31933,1608422400,3.319,1,1.199762955,1,1
India,21-12-2020,Power,3.45224,1608508800,3.452,1,1.239023296,1,1
India,22-12-2020,Power,3.55259,1608595200,3.553,1,1.267676915,1,1
India,23-12-2020,Power,3.55137,1608681600,3.551,1,1.267333445,1,1
India,24-12-2020,Power,3.54504,1608768000,3.545,1,1.265549443,1,1
India,25-12-2020,Power,3.49083,1608854400,3.491,1,1.25013953,1,1
India,26-12-2020,Power,3.56077,1608940800,3.561,1,1.269976814,1,1
India,27-12-2020,Power,3.41244,1609027200,3.412,1,1.227427578,1,1
India,28-12-2020,Power,3.53021,1609113600,3.53,1,1.261357359,1,1
India,29-12-2020,Power,3.56927,1609200000,3.569,1,1.272361093,1,1
India,30-12-2020,Power,3.51754,1609286400,3.518,1,1.257761882,1,1
India,31-12-2020,Power,3.52313,1609372800,3.523,1,1.259349799,1,1
India,01-01-2021,Power,3.48711,1609459200,3.487,1,1.249073313,1,1
India,02-01-2021,Power,3.45096,1609545600,3.451,1,1.238652453,1,1
India,03-01-2021,Power,3.32854,1609632000,3.329,1,1.202533769,1,1
India,04-01-2021,Power,3.39132,1609718400,3.391,1,1.221219226,1,1
India,05-01-2021,Power,3.39511,1609804800,3.395,1,1.222336161,1,1
India,06-01-2021,Power,3.44192,1609891200,3.442,1,1.236029455,1,1
India,07-01-2021,Power,3.41305,1609977600,3.413,1,1.22760632,1,1
India,08-01-2021,Power,3.84193,1610064000,3.842,1,1.345974845,1,1
India,09-01-2021,Power,3.36955,1610150400,3.37,1,1.214779204,1,1
India,10-01-2021,Power,3.32801,1610236800,3.328,1,1.202374528,1,1
India,11-01-2021,Power,3.52279,1610323200,3.523,1,1.259253289,1,1
India,12-01-2021,Power,3.55139,1610409600,3.551,1,1.267339076,1,1
India,13-01-2021,Power,3.56164,1610496000,3.562,1,1.270221113,1,1
India,14-01-2021,Power,3.43701,1610582400,3.437,1,1.234601907,1,1
India,15-01-2021,Power,3.43532,1610668800,3.435,1,1.23411008,1,1
India,16-01-2021,Power,3.51962,1610755200,3.52,1,1.258353029,1,1
India,17-01-2021,Power,3.5012,1610841600,3.501,1,1.253105767,1,1
India,18-01-2021,Power,3.59178,1610928000,3.592,1,1.278647901,1,1
India,19-01-2021,Power,3.73936,1611014400,3.739,1,1.318914474,1,1
India,20-01-2021,Power,3.82097,1611100800,3.821,1,1.340504317,1,1
India,21-01-2021,Power,3.86056,1611187200,3.861,1,1.350812251,1,1
India,22-01-2021,Power,3.87924,1611273600,3.879,1,1.355639258,1,1
India,23-01-2021,Power,3.83776,1611360000,3.838,1,1.344888863,1,1
India,24-01-2021,Power,3.69687,1611446400,3.697,1,1.307486516,1,1
India,25-01-2021,Power,3.71926,1611532800,3.719,1,1.313524724,1,1
India,26-01-2021,Power,3.58228,1611619200,3.582,1,1.275999469,1,1
India,27-01-2021,Power,3.7088,1611705600,3.709,1,1.310708374,1,1
India,28-01-2021,Power,3.79041,1611792000,3.79,1,1.332474193,1,1
India,29-01-2021,Power,3.84889,1611878400,3.849,1,1.347784795,1,1
India,30-01-2021,Power,3.86325,1611964800,3.863,1,1.351508798,1,1
India,31-01-2021,Power,3.74961,1612051200,3.75,1,1.321651835,1,1
India,01-02-2021,Power,3.78819,1612137600,3.788,1,1.331888332,1,1
India,02-02-2021,Power,3.83527,1612224000,3.835,1,1.344239837,1,1
India,03-02-2021,Power,3.93313,1612310400,3.933,1,1.369435547,1,1
India,04-02-2021,Power,3.726,1612396800,3.726,1,1.315335272,1,1
India,05-02-2021,Power,3.70955,1612483200,3.71,1,1.310910575,1,1
India,06-02-2021,Power,3.67893,1612569600,3.679,1,1.302621949,1,1
India,07-02-2021,Power,3.58659,1612656000,3.587,1,1.27720189,1,1
India,08-02-2021,Power,3.66267,1612742400,3.663,1,1.29819239,1,1
India,09-02-2021,Power,3.7892,1612828800,3.789,1,1.332154915,1,1
India,10-02-2021,Power,3.83075,1612915200,3.831,1,1.343060606,1,1
India,11-02-2021,Power,3.80776,1613001600,3.808,1,1.33704109,1,1
India,12-02-2021,Power,3.80904,1613088000,3.809,1,1.337377189,1,1
India,13-02-2021,Power,3.79797,1613174400,3.798,1,1.334466713,1,1
India,14-02-2021,Power,3.65992,1613260800,3.66,1,1.297441289,1,1
India,15-02-2021,Power,3.7911,1613347200,3.791,1,1.332656214,1,1
India,16-02-2021,Power,3.79995,1613433600,3.8,1,1.334987909,1,1
India,17-02-2021,Power,3.75773,1613520000,3.758,1,1.323815052,1,1
India,18-02-2021,Power,3.69284,1613606400,3.693,1,1.30639581,1,1
India,19-02-2021,Power,3.6173,1613692800,3.617,1,1.285727891,1,1
India,20-02-2021,Power,3.58033,1613779200,3.58,1,1.275454975,1,1
India,21-02-2021,Power,3.45225,1613865600,3.452,1,1.239026192,1,1
India,22-02-2021,Power,3.63537,1613952000,3.635,1,1.290710894,1,1
India,23-02-2021,Power,3.7223,1614038400,3.722,1,1.314341757,1,1
India,24-02-2021,Power,3.78712,1614124800,3.787,1,1.331605836,1,1
India,25-02-2021,Power,3.82834,1614211200,3.828,1,1.342431289,1,1
India,26-02-2021,Power,3.84439,1614297600,3.844,1,1.346614943,1,1
India,27-02-2021,Power,3.84439,1614384000,3.844,1,1.346614943,1,1
India,28-02-2021,Power,3.79852,1614470400,3.799,1,1.334611517,1,1
India,01-03-2021,Power,3.88133,1614556800,3.881,1,1.356177878,1,1
India,02-03-2021,Power,3.94001,1614643200,3.94,1,1.371183261,1,1
India,03-03-2021,Power,3.97279,1614729600,3.973,1,1.379468619,1,1
India,04-03-2021,Power,3.9657,1614816000,3.966,1,1.377682384,1,1
India,05-03-2021,Power,4.04374,1614902400,4.044,1,1.397170006,1,1
India,06-03-2021,Power,3.94379,1614988800,3.944,1,1.37214219,1,1
India,07-03-2021,Power,3.84384,1615075200,3.844,1,1.346471867,1,1
India,08-03-2021,Power,3.98183,1615161600,3.982,1,1.381741513,1,1
India,09-03-2021,Power,4.09595,1615248000,4.096,1,1.409998681,1,1
India,10-03-2021,Power,4.1379,1615334400,4.138,1,1.420188413,1,1
India,11-03-2021,Power,4.11476,1615420800,4.115,1,1.414580509,1,1
India,12-03-2021,Power,3.957,1615507200,3.957,1,1.375486162,1,1
India,13-03-2021,Power,3.84734,1615593600,3.847,1,1.347382,1,1
India,14-03-2021,Power,3.82435,1615680000,3.824,1,1.341388518,1,1
India,15-03-2021,Power,3.9908,1615766400,3.991,1,1.383991712,1,1
India,16-03-2021,Power,4.04644,1615852800,4.046,1,1.397837482,1,1
India,17-03-2021,Power,4.09116,1615939200,4.091,1,1.408828548,1,1
India,18-03-2021,Power,4.13891,1616025600,4.139,1,1.420432468,1,1
India,19-03-2021,Power,4.13095,1616112000,4.131,1,1.418507405,1,1
India,20-03-2021,Power,4.09042,1616198400,4.09,1,1.408647654,1,1
India,21-03-2021,Power,3.98211,1616284800,3.982,1,1.38181183,1,1
India,22-03-2021,Power,4.02742,1616371200,4.027,1,1.393125972,1,1
India,23-03-2021,Power,4.02199,1616457600,4.022,1,1.391776805,1,1
India,24-03-2021,Power,4.01656,1616544000,4.017,1,1.390425815,1,1
India,25-03-2021,Power,4.07646,1616630400,4.076,1,1.405228965,1,1
India,26-03-2021,Power,4.066,1616716800,4.066,1,1.402659715,1,1
India,27-03-2021,Power,4.0927,1616803200,4.093,1,1.409204899,1,1
India,28-03-2021,Power,3.95783,1616889600,3.958,1,1.375695895,1,1
India,29-03-2021,Power,3.63409,1616976000,3.634,1,1.290358736,1,1
India,30-03-2021,Power,3.75191,1617062400,3.752,1,1.322265044,1,1
India,31-03-2021,Power,3.92545,1617148800,3.925,1,1.367480994,1,1
India,01-04-2021,Power,3.92253,1617235200,3.923,1,1.366736854,1,1
India,02-04-2021,Power,3.98652,1617321600,3.987,1,1.38291867,1,1
India,03-04-2021,Power,4.03197,1617408000,4.032,1,1.39425509,1,1
India,04-04-2021,Power,3.93891,1617494400,3.939,1,1.370904035,1,1
India,05-04-2021,Power,4.05208,1617580800,4.052,1,1.39923033,1,1
India,06-04-2021,Power,4.04053,1617667200,4.041,1,1.396375871,1,1
India,07-04-2021,Power,4.10673,1617753600,4.107,1,1.412627091,1,1
India,08-04-2021,Power,4.17848,1617840000,4.178,1,1.429947544,1,1
India,09-04-2021,Power,4.13945,1617926400,4.139,1,1.420562929,1,1
India,10-04-2021,Power,4.10206,1618012800,4.102,1,1.411489287,1,1
India,11-04-2021,Power,3.98122,1618099200,3.981,1,1.381588305,1,1
India,12-04-2021,Power,4.09567,1618185600,4.096,1,1.409930318,1,1
India,13-04-2021,Power,4.15954,1618272000,4.16,1,1.425404491,1,1
India,14-04-2021,Power,4.00441,1618358400,4.004,1,1.387396254,1,1
India,15-04-2021,Power,3.9854,1618444800,3.985,1,1.382637684,1,1
India,16-04-2021,Power,3.99384,1618531200,3.994,1,1.384753174,1,1
India,17-04-2021,Power,3.89482,1618617600,3.895,1,1.359647465,1,1
India,18-04-2021,Power,3.86177,1618704000,3.862,1,1.351125628,1,1
India,19-04-2021,Power,3.93515,1618790400,3.935,1,1.369949001,1,1
India,20-04-2021,Power,4.00008,1618876800,4,1,1.386314361,1,1
India,21-04-2021,Power,3.9209,1618963200,3.921,1,1.366321219,1,1
India,22-04-2021,Power,3.78947,1619049600,3.789,1,1.332226168,1,1
India,23-04-2021,Power,3.73134,1619136000,3.731,1,1.316767418,1,1
India,24-04-2021,Power,3.79669,1619222400,3.797,1,1.334129635,1,1
India,25-04-2021,Power,3.69202,1619308800,3.692,1,1.306173734,1,1
India,26-04-2021,Power,3.90782,1619395200,3.908,1,1.362979674,1,1
India,27-04-2021,Power,3.94942,1619481600,3.949,1,1.373568733,1,1
India,28-04-2021,Power,3.97784,1619568000,3.978,1,1.380738958,1,1
India,29-04-2021,Power,3.9734,1619654400,3.973,1,1.379622151,1,1
India,30-04-2021,Power,3.94838,1619740800,3.948,1,1.373305368,1,1
