Country,date,sector,emission,abc,rounded_emissions,Treat,Lockdown,Lockdown*Treat,ln_value,month,year
India,01-01-2019,Ground Transport,0.81621,1546300800,0.816,0,1,0,-0.203083604,1,1
India,02-01-2019,Ground Transport,0.834113,1546387200,0.834,0,1,0,-0.181386394,1,1
India,03-01-2019,Ground Transport,0.841574,1546473600,0.842,0,1,0,-0.172481331,1,1
India,04-01-2019,Ground Transport,0.842256,1546560000,0.842,0,1,0,-0.171671273,1,1
India,05-01-2019,Ground Transport,0.8345,1546646400,0.834,0,1,0,-0.180922536,1,1
India,06-01-2019,Ground Transport,0.783472,1546732800,0.783,0,1,0,-0.244019955,1,1
India,07-01-2019,Ground Transport,0.851924,1546819200,0.852,0,1,0,-0.160257958,1,1
India,08-01-2019,Ground Transport,0.849987,1546905600,0.85,0,1,0,-0.162534224,1,1
India,09-01-2019,Ground Transport,0.85244,1546992000,0.852,0,1,0,-0.159652454,1,1
India,10-01-2019,Ground Transport,0.852093,1547078400,0.852,0,1,0,-0.160059603,1,1
India,11-01-2019,Ground Transport,0.824344,1547164800,0.824,0,1,0,-0.19316736,1,1
India,12-01-2019,Ground Transport,0.801485,1547251200,0.801,0,1,0,-0.221289022,1,1
India,13-01-2019,Ground Transport,0.827079,1547337600,0.827,0,1,0,-0.189855063,1,1
India,14-01-2019,Ground Transport,0.845832,1547424000,0.846,0,1,0,-0.167434521,1,1
India,15-01-2019,Ground Transport,0.852258,1547510400,0.852,0,1,0,-0.159865981,1,1
India,16-01-2019,Ground Transport,0.862473,1547596800,0.862,0,1,0,-0.147951435,1,1
India,17-01-2019,Ground Transport,0.855752,1547683200,0.856,0,1,0,-0.155774664,1,1
India,18-01-2019,Ground Transport,0.860798,1547769600,0.861,0,1,0,-0.149895413,1,1
India,19-01-2019,Ground Transport,0.856241,1547856000,0.856,0,1,0,-0.1552034,1,1
India,20-01-2019,Ground Transport,0.813786,1547942400,0.814,0,1,0,-0.206057847,1,1
India,21-01-2019,Ground Transport,0.860982,1548028800,0.861,0,1,0,-0.149681681,1,1
India,22-01-2019,Ground Transport,0.863223,1548115200,0.863,0,1,0,-0.14708222,1,1
India,23-01-2019,Ground Transport,0.869637,1548201600,0.87,0,1,0,-0.139679396,1,1
India,24-01-2019,Ground Transport,0.862504,1548288000,0.863,0,1,0,-0.147915492,1,1
India,25-01-2019,Ground Transport,0.868498,1548374400,0.868,0,1,0,-0.140989996,1,1
India,26-01-2019,Ground Transport,0.762766,1548460800,0.763,0,1,0,-0.270803979,1,1
India,27-01-2019,Ground Transport,0.812455,1548547200,0.812,0,1,0,-0.207694751,1,1
India,28-01-2019,Ground Transport,0.857439,1548633600,0.857,0,1,0,-0.153805239,1,1
India,29-01-2019,Ground Transport,0.861785,1548720000,0.862,0,1,0,-0.148749459,1,1
India,30-01-2019,Ground Transport,0.860553,1548806400,0.861,0,1,0,-0.150180073,1,1
India,31-01-2019,Ground Transport,0.857454,1548892800,0.857,0,1,0,-0.153787746,1,1
India,01-02-2019,Ground Transport,0.860215,1548979200,0.86,0,1,0,-0.150572921,2,1
India,02-02-2019,Ground Transport,0.854786,1549065600,0.855,0,1,0,-0.156904134,2,1
India,03-02-2019,Ground Transport,0.809818,1549152000,0.81,0,1,0,-0.210945748,2,1
India,04-02-2019,Ground Transport,0.85989,1549238400,0.86,0,1,0,-0.150950805,2,1
India,05-02-2019,Ground Transport,0.859365,1549324800,0.859,0,1,0,-0.151561535,2,1
India,06-02-2019,Ground Transport,0.863554,1549411200,0.864,0,1,0,-0.146698847,2,1
India,07-02-2019,Ground Transport,0.866625,1549497600,0.867,0,1,0,-0.143148922,2,1
India,08-02-2019,Ground Transport,0.867437,1549584000,0.867,0,1,0,-0.142212392,2,1
India,09-02-2019,Ground Transport,0.856717,1549670400,0.857,0,1,0,-0.154647637,2,1
India,10-02-2019,Ground Transport,0.814076,1549756800,0.814,0,1,0,-0.205701551,2,1
India,11-02-2019,Ground Transport,0.856122,1549843200,0.856,0,1,0,-0.15534239,2,1
India,12-02-2019,Ground Transport,0.856513,1549929600,0.857,0,1,0,-0.154885783,2,1
India,13-02-2019,Ground Transport,0.862477,1550016000,0.862,0,1,0,-0.147946797,2,1
India,14-02-2019,Ground Transport,0.864447,1550102400,0.864,0,1,0,-0.145665283,2,1
India,15-02-2019,Ground Transport,0.864512,1550188800,0.865,0,1,0,-0.145590093,2,1
India,16-02-2019,Ground Transport,0.848336,1550275200,0.848,0,1,0,-0.164478495,2,1
India,17-02-2019,Ground Transport,0.805526,1550361600,0.806,0,1,0,-0.216259799,2,1
India,18-02-2019,Ground Transport,0.853544,1550448000,0.854,0,1,0,-0.158358186,2,1
India,19-02-2019,Ground Transport,0.857997,1550534400,0.858,0,1,0,-0.153154676,2,1
India,20-02-2019,Ground Transport,0.848999,1550620800,0.849,0,1,0,-0.163697271,2,1
India,21-02-2019,Ground Transport,0.856793,1550707200,0.857,0,1,0,-0.15455893,2,1
India,22-02-2019,Ground Transport,0.860357,1550793600,0.86,0,1,0,-0.15040786,2,1
India,23-02-2019,Ground Transport,0.847557,1550880000,0.848,0,1,0,-0.165397185,2,1
India,24-02-2019,Ground Transport,0.789936,1550966400,0.79,0,1,0,-0.235803349,2,1
India,25-02-2019,Ground Transport,0.858492,1551052800,0.858,0,1,0,-0.152577917,2,1
India,26-02-2019,Ground Transport,0.853158,1551139200,0.853,0,1,0,-0.15881052,2,1
India,27-02-2019,Ground Transport,0.85647,1551225600,0.856,0,1,0,-0.154935988,2,1
India,28-02-2019,Ground Transport,0.816053,1551312000,0.816,0,1,0,-0.203275975,2,1
India,01-03-2019,Ground Transport,0.856556,1551398400,0.857,0,1,0,-0.154835581,3,1
India,02-03-2019,Ground Transport,0.853911,1551484800,0.854,0,1,0,-0.157928306,3,1
India,03-03-2019,Ground Transport,0.804152,1551571200,0.804,0,1,0,-0.217966973,3,1
India,04-03-2019,Ground Transport,0.82081,1551657600,0.821,0,1,0,-0.197463621,3,1
India,05-03-2019,Ground Transport,0.859263,1551744000,0.859,0,1,0,-0.151680234,3,1
India,06-03-2019,Ground Transport,0.861347,1551830400,0.861,0,1,0,-0.149257836,3,1
India,07-03-2019,Ground Transport,0.860789,1551916800,0.861,0,1,0,-0.149905868,3,1
India,08-03-2019,Ground Transport,0.863031,1552003200,0.863,0,1,0,-0.147304667,3,1
India,09-03-2019,Ground Transport,0.844829,1552089600,0.845,0,1,0,-0.168621039,3,1
India,10-03-2019,Ground Transport,0.795976,1552176000,0.796,0,1,0,-0.228186244,3,1
India,11-03-2019,Ground Transport,0.856549,1552262400,0.857,0,1,0,-0.154843753,3,1
India,12-03-2019,Ground Transport,0.857009,1552348800,0.857,0,1,0,-0.154306859,3,1
India,13-03-2019,Ground Transport,0.858947,1552435200,0.859,0,1,0,-0.152048059,3,1
India,14-03-2019,Ground Transport,0.858469,1552521600,0.858,0,1,0,-0.152604709,3,1
India,15-03-2019,Ground Transport,0.862287,1552608000,0.862,0,1,0,-0.148167117,3,1
India,16-03-2019,Ground Transport,0.854299,1552694400,0.854,0,1,0,-0.157474029,3,1
India,17-03-2019,Ground Transport,0.804889,1552780800,0.805,0,1,0,-0.217050899,3,1
India,18-03-2019,Ground Transport,0.85787,1552867200,0.858,0,1,0,-0.153302706,3,1
India,19-03-2019,Ground Transport,0.861115,1552953600,0.861,0,1,0,-0.149527218,3,1
India,20-03-2019,Ground Transport,0.837444,1553040000,0.837,0,1,0,-0.177400883,3,1
India,21-03-2019,Ground Transport,0.238581,1553126400,0.239,0,1,0,-1.433046404,3,1
India,22-03-2019,Ground Transport,0.800987,1553212800,0.801,0,1,0,-0.221910562,3,1
India,23-03-2019,Ground Transport,0.82781,1553299200,0.828,0,1,0,-0.18897162,3,1
India,24-03-2019,Ground Transport,0.775076,1553385600,0.775,0,1,0,-0.25479419,3,1
India,25-03-2019,Ground Transport,0.854318,1553472000,0.854,0,1,0,-0.157451789,3,1
India,26-03-2019,Ground Transport,0.855706,1553558400,0.856,0,1,0,-0.15582842,3,1
India,27-03-2019,Ground Transport,0.856803,1553644800,0.857,0,1,0,-0.154547258,3,1
India,28-03-2019,Ground Transport,0.85508,1553731200,0.855,0,1,0,-0.156560247,3,1
India,29-03-2019,Ground Transport,0.85772,1553817600,0.858,0,1,0,-0.153477573,3,1
India,30-03-2019,Ground Transport,0.84991,1553904000,0.85,0,1,0,-0.162624817,3,1
India,31-03-2019,Ground Transport,0.813753,1553990400,0.814,0,1,0,-0.206098399,3,1
India,01-04-2019,Ground Transport,0.853824,1554076800,0.854,0,1,0,-0.158030195,4,1
India,02-04-2019,Ground Transport,0.84766,1554163200,0.848,0,1,0,-0.165275667,4,1
India,03-04-2019,Ground Transport,0.851417,1554249600,0.851,0,1,0,-0.160853259,4,1
India,04-04-2019,Ground Transport,0.850397,1554336000,0.85,0,1,0,-0.16205198,4,1
India,05-04-2019,Ground Transport,0.852294,1554422400,0.852,0,1,0,-0.159823741,4,1
India,06-04-2019,Ground Transport,0.823381,1554508800,0.823,0,1,0,-0.194336245,4,1
India,07-04-2019,Ground Transport,0.771547,1554595200,0.772,0,1,0,-0.259357689,4,1
India,08-04-2019,Ground Transport,0.850581,1554681600,0.851,0,1,0,-0.161835634,4,1
India,09-04-2019,Ground Transport,0.849756,1554768000,0.85,0,1,0,-0.16280603,4,1
India,10-04-2019,Ground Transport,0.850895,1554854400,0.851,0,1,0,-0.161466542,4,1
India,11-04-2019,Ground Transport,0.84359,1554940800,0.844,0,1,0,-0.170088684,4,1
India,12-04-2019,Ground Transport,0.851559,1555027200,0.852,0,1,0,-0.160686492,4,1
India,13-04-2019,Ground Transport,0.813552,1555113600,0.814,0,1,0,-0.206345433,4,1
India,14-04-2019,Ground Transport,0.778591,1555200000,0.779,0,1,0,-0.250269403,4,1
India,15-04-2019,Ground Transport,0.845408,1555286400,0.845,0,1,0,-0.167935928,4,1
India,16-04-2019,Ground Transport,0.851542,1555372800,0.852,0,1,0,-0.160706455,4,1
India,17-04-2019,Ground Transport,0.827301,1555459200,0.827,0,1,0,-0.189586684,4,1
India,18-04-2019,Ground Transport,0.842446,1555545600,0.842,0,1,0,-0.171445714,4,1
India,19-04-2019,Ground Transport,0.810384,1555632000,0.81,0,1,0,-0.21024707,4,1
India,20-04-2019,Ground Transport,0.822222,1555718400,0.822,0,1,0,-0.195744847,4,1
India,21-04-2019,Ground Transport,0.736104,1555804800,0.736,0,1,0,-0.306383866,4,1
India,22-04-2019,Ground Transport,0.83838,1555891200,0.838,0,1,0,-0.176283821,4,1
India,23-04-2019,Ground Transport,0.84117,1555977600,0.841,0,1,0,-0.172961499,4,1
India,24-04-2019,Ground Transport,0.845375,1556064000,0.845,0,1,0,-0.167974963,4,1
India,25-04-2019,Ground Transport,0.842477,1556150400,0.842,0,1,0,-0.171408917,4,1
India,26-04-2019,Ground Transport,0.848751,1556236800,0.849,0,1,0,-0.163989422,4,1
India,27-04-2019,Ground Transport,0.830355,1556323200,0.83,0,1,0,-0.185901959,4,1
India,28-04-2019,Ground Transport,0.751422,1556409600,0.751,0,1,0,-0.285787868,4,1
India,29-04-2019,Ground Transport,0.837171,1556496000,0.837,0,1,0,-0.177726928,4,1
India,30-04-2019,Ground Transport,0.841005,1556582400,0.841,0,1,0,-0.173157674,4,1
India,01-05-2019,Ground Transport,0.830676,1556668800,0.831,0,1,0,-0.185515452,5,1
India,02-05-2019,Ground Transport,0.844256,1556755200,0.844,0,1,0,-0.169299513,5,1
India,03-05-2019,Ground Transport,0.850317,1556841600,0.85,0,1,0,-0.162146058,5,1
India,04-05-2019,Ground Transport,0.834329,1556928000,0.834,0,1,0,-0.18112747,5,1
India,05-05-2019,Ground Transport,0.755733,1557014400,0.756,0,1,0,-0.28006714,5,1
India,06-05-2019,Ground Transport,0.843273,1557100800,0.843,0,1,0,-0.17046453,5,1
India,07-05-2019,Ground Transport,0.837282,1557187200,0.837,0,1,0,-0.177594348,5,1
India,08-05-2019,Ground Transport,0.836046,1557273600,0.836,0,1,0,-0.179071643,5,1
India,09-05-2019,Ground Transport,0.835426,1557360000,0.835,0,1,0,-0.179813505,5,1
India,10-05-2019,Ground Transport,0.843272,1557446400,0.843,0,1,0,-0.170465716,5,1
India,11-05-2019,Ground Transport,0.816102,1557532800,0.816,0,1,0,-0.203215932,5,1
India,12-05-2019,Ground Transport,0.545371,1557619200,0.545,0,1,0,-0.606288982,5,1
India,13-05-2019,Ground Transport,0.831522,1557705600,0.832,0,1,0,-0.184497522,5,1
India,14-05-2019,Ground Transport,0.834644,1557792000,0.835,0,1,0,-0.180749992,5,1
India,15-05-2019,Ground Transport,0.845624,1557878400,0.846,0,1,0,-0.167680463,5,1
India,16-05-2019,Ground Transport,0.837399,1557964800,0.837,0,1,0,-0.17745462,5,1
India,17-05-2019,Ground Transport,0.847037,1558051200,0.847,0,1,0,-0.166010902,5,1
India,18-05-2019,Ground Transport,0.812479,1558137600,0.812,0,1,0,-0.207665211,5,1
India,19-05-2019,Ground Transport,0.728718,1558224000,0.729,0,1,0,-0.316468453,5,1
India,20-05-2019,Ground Transport,0.833356,1558310400,0.833,0,1,0,-0.182294357,5,1
India,21-05-2019,Ground Transport,0.841983,1558396800,0.842,0,1,0,-0.171995455,5,1
India,22-05-2019,Ground Transport,0.840236,1558483200,0.84,0,1,0,-0.174072474,5,1
India,23-05-2019,Ground Transport,0.825519,1558569600,0.826,0,1,0,-0.191743,5,1
India,24-05-2019,Ground Transport,0.840075,1558656000,0.84,0,1,0,-0.174264105,5,1
India,25-05-2019,Ground Transport,0.82226,1558742400,0.822,0,1,0,-0.195698632,5,1
India,26-05-2019,Ground Transport,0.749523,1558828800,0.75,0,1,0,-0.288318275,5,1
India,27-05-2019,Ground Transport,0.834729,1558915200,0.835,0,1,0,-0.180648158,5,1
India,28-05-2019,Ground Transport,0.834345,1559001600,0.834,0,1,0,-0.181108293,5,1
India,29-05-2019,Ground Transport,0.839153,1559088000,0.839,0,1,0,-0.175362229,5,1
India,30-05-2019,Ground Transport,0.834058,1559174400,0.834,0,1,0,-0.181452335,5,1
India,31-05-2019,Ground Transport,0.835105,1559260800,0.835,0,1,0,-0.180197814,5,1
India,01-06-2019,Ground Transport,0.82132,1559347200,0.821,0,1,0,-0.196842477,6,1
India,02-06-2019,Ground Transport,0.741975,1559433600,0.742,0,1,0,-0.298439729,6,1
India,03-06-2019,Ground Transport,0.831372,1559520000,0.831,0,1,0,-0.184677931,6,1
India,04-06-2019,Ground Transport,0.83516,1559606400,0.835,0,1,0,-0.180131956,6,1
India,05-06-2019,Ground Transport,0.75418,1559692800,0.754,0,1,0,-0.282124213,6,1
India,06-06-2019,Ground Transport,0.826344,1559779200,0.826,0,1,0,-0.190744127,6,1
India,07-06-2019,Ground Transport,0.821531,1559865600,0.822,0,1,0,-0.196585606,6,1
India,08-06-2019,Ground Transport,0.82132,1559952000,0.821,0,1,0,-0.196842477,6,1
India,09-06-2019,Ground Transport,0.741975,1560038400,0.742,0,1,0,-0.298439729,6,1
India,10-06-2019,Ground Transport,0.831372,1560124800,0.831,0,1,0,-0.184677931,6,1
India,11-06-2019,Ground Transport,0.83516,1560211200,0.835,0,1,0,-0.180131956,6,1
India,12-06-2019,Ground Transport,0.75418,1560297600,0.754,0,1,0,-0.282124213,6,1
India,13-06-2019,Ground Transport,0.826344,1560384000,0.826,0,1,0,-0.190744127,6,1
India,14-06-2019,Ground Transport,0.821531,1560470400,0.822,0,1,0,-0.196585606,6,1
India,15-06-2019,Ground Transport,0.82132,1560556800,0.821,0,1,0,-0.196842477,6,1
India,16-06-2019,Ground Transport,0.741975,1560643200,0.742,0,1,0,-0.298439729,6,1
India,17-06-2019,Ground Transport,0.831372,1560729600,0.831,0,1,0,-0.184677931,6,1
India,18-06-2019,Ground Transport,0.83516,1560816000,0.835,0,1,0,-0.180131956,6,1
India,19-06-2019,Ground Transport,0.75418,1560902400,0.754,0,1,0,-0.282124213,6,1
India,20-06-2019,Ground Transport,0.826344,1560988800,0.826,0,1,0,-0.190744127,6,1
India,21-06-2019,Ground Transport,0.821531,1561075200,0.822,0,1,0,-0.196585606,6,1
India,22-06-2019,Ground Transport,0.82132,1561161600,0.821,0,1,0,-0.196842477,6,1
India,23-06-2019,Ground Transport,0.741975,1561248000,0.742,0,1,0,-0.298439729,6,1
India,24-06-2019,Ground Transport,0.831372,1561334400,0.831,0,1,0,-0.184677931,6,1
India,25-06-2019,Ground Transport,0.83516,1561420800,0.835,0,1,0,-0.180131956,6,1
India,26-06-2019,Ground Transport,0.75418,1561507200,0.754,0,1,0,-0.282124213,6,1
India,27-06-2019,Ground Transport,0.826344,1561593600,0.826,0,1,0,-0.190744127,6,1
India,28-06-2019,Ground Transport,0.821531,1561680000,0.822,0,1,0,-0.196585606,6,1
India,29-06-2019,Ground Transport,0.82132,1561766400,0.821,0,1,0,-0.196842477,6,1
India,30-06-2019,Ground Transport,0.741975,1561852800,0.742,0,1,0,-0.298439729,6,1
India,01-07-2019,Ground Transport,0.831372,1561939200,0.831,0,1,0,-0.184677931,7,1
India,02-07-2019,Ground Transport,0.83516,1562025600,0.835,0,1,0,-0.180131956,7,1
India,03-07-2019,Ground Transport,0.75418,1562112000,0.754,0,1,0,-0.282124213,7,1
India,04-07-2019,Ground Transport,0.826344,1562198400,0.826,0,1,0,-0.190744127,7,1
India,05-07-2019,Ground Transport,0.821531,1562284800,0.822,0,1,0,-0.196585606,7,1
India,06-07-2019,Ground Transport,0.82132,1562371200,0.821,0,1,0,-0.196842477,7,1
India,07-07-2019,Ground Transport,0.741975,1562457600,0.742,0,1,0,-0.298439729,7,1
India,08-07-2019,Ground Transport,0.831372,1562544000,0.831,0,1,0,-0.184677931,7,1
India,09-07-2019,Ground Transport,0.83516,1562630400,0.835,0,1,0,-0.180131956,7,1
India,10-07-2019,Ground Transport,0.75418,1562716800,0.754,0,1,0,-0.282124213,7,1
India,11-07-2019,Ground Transport,0.826344,1562803200,0.826,0,1,0,-0.190744127,7,1
India,12-07-2019,Ground Transport,0.821531,1562889600,0.822,0,1,0,-0.196585606,7,1
India,13-07-2019,Ground Transport,0.82132,1562976000,0.821,0,1,0,-0.196842477,7,1
India,14-07-2019,Ground Transport,0.741975,1563062400,0.742,0,1,0,-0.298439729,7,1
India,15-07-2019,Ground Transport,0.831372,1563148800,0.831,0,1,0,-0.184677931,7,1
India,16-07-2019,Ground Transport,0.83516,1563235200,0.835,0,1,0,-0.180131956,7,1
India,17-07-2019,Ground Transport,0.75418,1563321600,0.754,0,1,0,-0.282124213,7,1
India,18-07-2019,Ground Transport,0.826344,1563408000,0.826,0,1,0,-0.190744127,7,1
India,19-07-2019,Ground Transport,0.821531,1563494400,0.822,0,1,0,-0.196585606,7,1
India,20-07-2019,Ground Transport,0.82132,1563580800,0.821,0,1,0,-0.196842477,7,1
India,21-07-2019,Ground Transport,0.741975,1563667200,0.742,0,1,0,-0.298439729,7,1
India,22-07-2019,Ground Transport,0.831372,1563753600,0.831,0,1,0,-0.184677931,7,1
India,23-07-2019,Ground Transport,0.83516,1563840000,0.835,0,1,0,-0.180131956,7,1
India,24-07-2019,Ground Transport,0.75418,1563926400,0.754,0,1,0,-0.282124213,7,1
India,25-07-2019,Ground Transport,0.826344,1564012800,0.826,0,1,0,-0.190744127,7,1
India,26-07-2019,Ground Transport,0.821531,1564099200,0.822,0,1,0,-0.196585606,7,1
India,27-07-2019,Ground Transport,0.82132,1564185600,0.821,0,1,0,-0.196842477,7,1
India,28-07-2019,Ground Transport,0.741975,1564272000,0.742,0,1,0,-0.298439729,7,1
India,29-07-2019,Ground Transport,0.831372,1564358400,0.831,0,1,0,-0.184677931,7,1
India,30-07-2019,Ground Transport,0.83516,1564444800,0.835,0,1,0,-0.180131956,7,1
India,31-07-2019,Ground Transport,0.75418,1564531200,0.754,0,1,0,-0.282124213,7,1
India,01-08-2019,Ground Transport,0.826344,1564617600,0.826,0,1,0,-0.190744127,8,1
India,02-08-2019,Ground Transport,0.821531,1564704000,0.822,0,1,0,-0.196585606,8,1
India,03-08-2019,Ground Transport,0.82132,1564790400,0.821,0,1,0,-0.196842477,8,1
India,04-08-2019,Ground Transport,0.741975,1564876800,0.742,0,1,0,-0.298439729,8,1
India,05-08-2019,Ground Transport,0.831372,1564963200,0.831,0,1,0,-0.184677931,8,1
India,06-08-2019,Ground Transport,0.83516,1565049600,0.835,0,1,0,-0.180131956,8,1
India,07-08-2019,Ground Transport,0.75418,1565136000,0.754,0,1,0,-0.282124213,8,1
India,08-08-2019,Ground Transport,0.826344,1565222400,0.826,0,1,0,-0.190744127,8,1
India,09-08-2019,Ground Transport,0.821531,1565308800,0.822,0,1,0,-0.196585606,8,1
India,10-08-2019,Ground Transport,0.82132,1565395200,0.821,0,1,0,-0.196842477,8,1
India,11-08-2019,Ground Transport,0.741975,1565481600,0.742,0,1,0,-0.298439729,8,1
India,12-08-2019,Ground Transport,0.831372,1565568000,0.831,0,1,0,-0.184677931,8,1
India,13-08-2019,Ground Transport,0.83516,1565654400,0.835,0,1,0,-0.180131956,8,1
India,14-08-2019,Ground Transport,0.75418,1565740800,0.754,0,1,0,-0.282124213,8,1
India,15-08-2019,Ground Transport,0.826344,1565827200,0.826,0,1,0,-0.190744127,8,1
India,16-08-2019,Ground Transport,0.821531,1565913600,0.822,0,1,0,-0.196585606,8,1
India,17-08-2019,Ground Transport,0.82132,1566000000,0.821,0,1,0,-0.196842477,8,1
India,18-08-2019,Ground Transport,0.741975,1566086400,0.742,0,1,0,-0.298439729,8,1
India,19-08-2019,Ground Transport,0.831372,1566172800,0.831,0,1,0,-0.184677931,8,1
India,20-08-2019,Ground Transport,0.83516,1566259200,0.835,0,1,0,-0.180131956,8,1
India,21-08-2019,Ground Transport,0.75418,1566345600,0.754,0,1,0,-0.282124213,8,1
India,22-08-2019,Ground Transport,0.826344,1566432000,0.826,0,1,0,-0.190744127,8,1
India,23-08-2019,Ground Transport,0.821531,1566518400,0.822,0,1,0,-0.196585606,8,1
India,24-08-2019,Ground Transport,0.82132,1566604800,0.821,0,1,0,-0.196842477,8,1
India,25-08-2019,Ground Transport,0.741975,1566691200,0.742,0,1,0,-0.298439729,8,1
India,26-08-2019,Ground Transport,0.831372,1566777600,0.831,0,1,0,-0.184677931,8,1
India,27-08-2019,Ground Transport,0.83516,1566864000,0.835,0,1,0,-0.180131956,8,1
India,28-08-2019,Ground Transport,0.75418,1566950400,0.754,0,1,0,-0.282124213,8,1
India,29-08-2019,Ground Transport,0.826344,1567036800,0.826,0,1,0,-0.190744127,8,1
India,30-08-2019,Ground Transport,0.821531,1567123200,0.822,0,1,0,-0.196585606,8,1
India,31-08-2019,Ground Transport,0.82132,1567209600,0.821,0,1,0,-0.196842477,8,1
India,01-09-2019,Ground Transport,0.741975,1567296000,0.742,0,1,0,-0.298439729,9,1
India,02-09-2019,Ground Transport,0.831372,1567382400,0.831,0,1,0,-0.184677931,9,1
India,03-09-2019,Ground Transport,0.83516,1567468800,0.835,0,1,0,-0.180131956,9,1
India,04-09-2019,Ground Transport,0.75418,1567555200,0.754,0,1,0,-0.282124213,9,1
India,05-09-2019,Ground Transport,0.826344,1567641600,0.826,0,1,0,-0.190744127,9,1
India,06-09-2019,Ground Transport,0.821531,1567728000,0.822,0,1,0,-0.196585606,9,1
India,07-09-2019,Ground Transport,0.82132,1567814400,0.821,0,1,0,-0.196842477,9,1
India,08-09-2019,Ground Transport,0.741975,1567900800,0.742,0,1,0,-0.298439729,9,1
India,09-09-2019,Ground Transport,0.831372,1567987200,0.831,0,1,0,-0.184677931,9,1
India,10-09-2019,Ground Transport,0.83516,1568073600,0.835,0,1,0,-0.180131956,9,1
India,11-09-2019,Ground Transport,0.75418,1568160000,0.754,0,1,0,-0.282124213,9,1
India,12-09-2019,Ground Transport,0.826344,1568246400,0.826,0,1,0,-0.190744127,9,1
India,13-09-2019,Ground Transport,0.821531,1568332800,0.822,0,1,0,-0.196585606,9,1
India,14-09-2019,Ground Transport,0.82132,1568419200,0.821,0,1,0,-0.196842477,9,1
India,15-09-2019,Ground Transport,0.741975,1568505600,0.742,0,1,0,-0.298439729,9,1
India,16-09-2019,Ground Transport,0.831372,1568592000,0.831,0,1,0,-0.184677931,9,1
India,17-09-2019,Ground Transport,0.83516,1568678400,0.835,0,1,0,-0.180131956,9,1
India,18-09-2019,Ground Transport,0.75418,1568764800,0.754,0,1,0,-0.282124213,9,1
India,19-09-2019,Ground Transport,0.826344,1568851200,0.826,0,1,0,-0.190744127,9,1
India,20-09-2019,Ground Transport,0.821531,1568937600,0.822,0,1,0,-0.196585606,9,1
India,21-09-2019,Ground Transport,0.82132,1569024000,0.821,0,1,0,-0.196842477,9,1
India,22-09-2019,Ground Transport,0.741975,1569110400,0.742,0,1,0,-0.298439729,9,1
India,23-09-2019,Ground Transport,0.831372,1569196800,0.831,0,1,0,-0.184677931,9,1
India,24-09-2019,Ground Transport,0.83516,1569283200,0.835,0,1,0,-0.180131956,9,1
India,25-09-2019,Ground Transport,0.75418,1569369600,0.754,0,1,0,-0.282124213,9,1
India,26-09-2019,Ground Transport,0.826344,1569456000,0.826,0,1,0,-0.190744127,9,1
India,27-09-2019,Ground Transport,0.821531,1569542400,0.822,0,1,0,-0.196585606,9,1
India,28-09-2019,Ground Transport,0.82132,1569628800,0.821,0,1,0,-0.196842477,9,1
India,29-09-2019,Ground Transport,0.741975,1569715200,0.742,0,1,0,-0.298439729,9,1
India,30-09-2019,Ground Transport,0.831372,1569801600,0.831,0,1,0,-0.184677931,9,1
India,01-10-2019,Ground Transport,0.83516,1569888000,0.835,0,1,0,-0.180131956,10,1
India,02-10-2019,Ground Transport,0.75418,1569974400,0.754,0,1,0,-0.282124213,10,1
India,03-10-2019,Ground Transport,0.826344,1570060800,0.826,0,1,0,-0.190744127,10,1
India,04-10-2019,Ground Transport,0.821531,1570147200,0.822,0,1,0,-0.196585606,10,1
India,05-10-2019,Ground Transport,0.82132,1570233600,0.821,0,1,0,-0.196842477,10,1
India,06-10-2019,Ground Transport,0.741975,1570320000,0.742,0,1,0,-0.298439729,10,1
India,07-10-2019,Ground Transport,0.831372,1570406400,0.831,0,1,0,-0.184677931,10,1
India,08-10-2019,Ground Transport,0.83516,1570492800,0.835,0,1,0,-0.180131956,10,1
India,09-10-2019,Ground Transport,0.75418,1570579200,0.754,0,1,0,-0.282124213,10,1
India,10-10-2019,Ground Transport,0.826344,1570665600,0.826,0,1,0,-0.190744127,10,1
India,11-10-2019,Ground Transport,0.821531,1570752000,0.822,0,1,0,-0.196585606,10,1
India,12-10-2019,Ground Transport,0.82132,1570838400,0.821,0,1,0,-0.196842477,10,1
India,13-10-2019,Ground Transport,0.741975,1570924800,0.742,0,1,0,-0.298439729,10,1
India,14-10-2019,Ground Transport,0.831372,1571011200,0.831,0,1,0,-0.184677931,10,1
India,15-10-2019,Ground Transport,0.83516,1571097600,0.835,0,1,0,-0.180131956,10,1
India,16-10-2019,Ground Transport,0.75418,1571184000,0.754,0,1,0,-0.282124213,10,1
India,17-10-2019,Ground Transport,0.826344,1571270400,0.826,0,1,0,-0.190744127,10,1
India,18-10-2019,Ground Transport,0.821531,1571356800,0.822,0,1,0,-0.196585606,10,1
India,19-10-2019,Ground Transport,0.82132,1571443200,0.821,0,1,0,-0.196842477,10,1
India,20-10-2019,Ground Transport,0.741975,1571529600,0.742,0,1,0,-0.298439729,10,1
India,21-10-2019,Ground Transport,0.831372,1571616000,0.831,0,1,0,-0.184677931,10,1
India,22-10-2019,Ground Transport,0.824124,1571702400,0.824,0,1,0,-0.193434275,10,1
India,23-10-2019,Ground Transport,0.868318,1571788800,0.868,0,1,0,-0.141197272,10,1
India,24-10-2019,Ground Transport,0.868235,1571875200,0.868,0,1,0,-0.141292864,10,1
India,25-10-2019,Ground Transport,0.868395,1571961600,0.868,0,1,0,-0.141108599,10,1
India,26-10-2019,Ground Transport,0.836356,1572048000,0.836,0,1,0,-0.178700919,10,1
India,27-10-2019,Ground Transport,0.607937,1572134400,0.608,0,1,0,-0.497684021,10,1
India,28-10-2019,Ground Transport,0.710443,1572220800,0.71,0,1,0,-0.34186656,10,1
India,29-10-2019,Ground Transport,0.824142,1572307200,0.824,0,1,0,-0.193412434,10,1
India,30-10-2019,Ground Transport,0.831187,1572393600,0.831,0,1,0,-0.184900479,10,1
India,31-10-2019,Ground Transport,0.837492,1572480000,0.837,0,1,0,-0.177343568,10,1
India,01-11-2019,Ground Transport,0.842802,1572566400,0.843,0,1,0,-0.171023224,11,1
India,02-11-2019,Ground Transport,0.827574,1572652800,0.828,0,1,0,-0.18925675,11,1
India,03-11-2019,Ground Transport,0.762489,1572739200,0.762,0,1,0,-0.271167197,11,1
India,04-11-2019,Ground Transport,0.822624,1572825600,0.823,0,1,0,-0.195256048,11,1
India,05-11-2019,Ground Transport,0.830776,1572912000,0.831,0,1,0,-0.185395075,11,1
India,06-11-2019,Ground Transport,0.834685,1572998400,0.835,0,1,0,-0.180700871,11,1
India,07-11-2019,Ground Transport,0.838445,1573084800,0.838,0,1,0,-0.176206293,11,1
India,08-11-2019,Ground Transport,0.841788,1573171200,0.842,0,1,0,-0.172227078,11,1
India,09-11-2019,Ground Transport,0.795044,1573257600,0.795,0,1,0,-0.22935782,11,1
India,10-11-2019,Ground Transport,0.782227,1573344000,0.782,0,1,0,-0.245610299,11,1
India,11-11-2019,Ground Transport,0.844757,1573430400,0.845,0,1,0,-0.168706267,11,1
India,12-11-2019,Ground Transport,0.815129,1573516800,0.815,0,1,0,-0.204408896,11,1
India,13-11-2019,Ground Transport,0.833671,1573603200,0.834,0,1,0,-0.181916439,11,1
India,14-11-2019,Ground Transport,0.831095,1573689600,0.831,0,1,0,-0.185011171,11,1
India,15-11-2019,Ground Transport,0.827072,1573776000,0.827,0,1,0,-0.189863526,11,1
India,16-11-2019,Ground Transport,0.841986,1573862400,0.842,0,1,0,-0.171991892,11,1
India,17-11-2019,Ground Transport,0.791886,1573948800,0.792,0,1,0,-0.233337837,11,1
India,18-11-2019,Ground Transport,0.852901,1574035200,0.853,0,1,0,-0.159111799,11,1
India,19-11-2019,Ground Transport,0.852555,1574121600,0.853,0,1,0,-0.159517556,11,1
India,20-11-2019,Ground Transport,0.852296,1574208000,0.852,0,1,0,-0.159821395,11,1
India,21-11-2019,Ground Transport,0.850124,1574294400,0.85,0,1,0,-0.162373058,11,1
India,22-11-2019,Ground Transport,0.85366,1574380800,0.854,0,1,0,-0.158222291,11,1
India,23-11-2019,Ground Transport,0.840677,1574467200,0.841,0,1,0,-0.173547759,11,1
India,24-11-2019,Ground Transport,0.774135,1574553600,0.774,0,1,0,-0.256009002,11,1
India,25-11-2019,Ground Transport,0.844272,1574640000,0.844,0,1,0,-0.169280561,11,1
India,26-11-2019,Ground Transport,0.848435,1574726400,0.848,0,1,0,-0.164361803,11,1
India,27-11-2019,Ground Transport,0.853129,1574812800,0.853,0,1,0,-0.158844512,11,1
India,28-11-2019,Ground Transport,0.85557,1574899200,0.856,0,1,0,-0.155987366,11,1
India,29-11-2019,Ground Transport,0.852508,1574985600,0.853,0,1,0,-0.159572686,11,1
India,30-11-2019,Ground Transport,0.847764,1575072000,0.848,0,1,0,-0.165152984,11,1
India,01-12-2019,Ground Transport,0.795925,1575158400,0.796,0,1,0,-0.228250319,12,1
India,02-12-2019,Ground Transport,0.848758,1575244800,0.849,0,1,0,-0.163981175,12,1
India,03-12-2019,Ground Transport,0.849708,1575331200,0.85,0,1,0,-0.162862518,12,1
India,04-12-2019,Ground Transport,0.852004,1575417600,0.852,0,1,0,-0.160164057,12,1
India,05-12-2019,Ground Transport,0.849381,1575504000,0.849,0,1,0,-0.16324743,12,1
India,06-12-2019,Ground Transport,0.85596,1575590400,0.856,0,1,0,-0.155531633,12,1
India,07-12-2019,Ground Transport,0.847823,1575676800,0.848,0,1,0,-0.165083391,12,1
India,08-12-2019,Ground Transport,0.787928,1575763200,0.788,0,1,0,-0.238348564,12,1
India,09-12-2019,Ground Transport,0.848305,1575849600,0.848,0,1,0,-0.164515038,12,1
India,10-12-2019,Ground Transport,0.848945,1575936000,0.849,0,1,0,-0.163760877,12,1
India,11-12-2019,Ground Transport,0.852836,1576022400,0.853,0,1,0,-0.159188013,12,1
India,12-12-2019,Ground Transport,0.859505,1576108800,0.86,0,1,0,-0.151398637,12,1
India,13-12-2019,Ground Transport,0.855119,1576195200,0.855,0,1,0,-0.156514638,12,1
India,14-12-2019,Ground Transport,0.849655,1576281600,0.85,0,1,0,-0.162924894,12,1
India,15-12-2019,Ground Transport,0.794613,1576368000,0.795,0,1,0,-0.229900075,12,1
India,16-12-2019,Ground Transport,0.849174,1576454400,0.849,0,1,0,-0.163491167,12,1
India,17-12-2019,Ground Transport,0.855344,1576540800,0.855,0,1,0,-0.156251552,12,1
India,18-12-2019,Ground Transport,0.853214,1576627200,0.853,0,1,0,-0.158744884,12,1
India,19-12-2019,Ground Transport,0.846901,1576713600,0.847,0,1,0,-0.166171474,12,1
India,20-12-2019,Ground Transport,0.822996,1576800000,0.823,0,1,0,-0.194803939,12,1
India,21-12-2019,Ground Transport,0.828626,1576886400,0.829,0,1,0,-0.187986372,12,1
India,22-12-2019,Ground Transport,0.76281,1576972800,0.763,0,1,0,-0.270746296,12,1
India,23-12-2019,Ground Transport,0.851149,1577059200,0.851,0,1,0,-0.161168078,12,1
India,24-12-2019,Ground Transport,0.857737,1577145600,0.858,0,1,0,-0.153457753,12,1
India,25-12-2019,Ground Transport,0.83095,1577232000,0.831,0,1,0,-0.185185654,12,1
India,26-12-2019,Ground Transport,0.840562,1577318400,0.841,0,1,0,-0.173684563,12,1
India,27-12-2019,Ground Transport,0.847236,1577404800,0.847,0,1,0,-0.165775993,12,1
India,28-12-2019,Ground Transport,0.838217,1577491200,0.838,0,1,0,-0.176478262,12,1
India,29-12-2019,Ground Transport,0.780527,1577577600,0.781,0,1,0,-0.247785946,12,1
India,30-12-2019,Ground Transport,0.845831,1577664000,0.846,0,1,0,-0.167435703,12,1
India,31-12-2019,Ground Transport,0.849593,1577750400,0.85,0,1,0,-0.162997868,12,1
India,01-01-2020,Ground Transport,0.827252,1577836800,0.827,0,1,0,-0.189645915,1,2
India,02-01-2020,Ground Transport,0.841886,1577923200,0.842,0,1,0,-0.172110666,1,2
India,03-01-2020,Ground Transport,0.848483,1578009600,0.848,0,1,0,-0.16430523,1,2
India,04-01-2020,Ground Transport,0.841096,1578096000,0.841,0,1,0,-0.173049476,1,2
India,05-01-2020,Ground Transport,0.786747,1578182400,0.787,0,1,0,-0.239848556,1,2
India,06-01-2020,Ground Transport,0.854194,1578268800,0.854,0,1,0,-0.157596945,1,2
India,07-01-2020,Ground Transport,0.854858,1578355200,0.855,0,1,0,-0.156819906,1,2
India,08-01-2020,Ground Transport,0.856364,1578441600,0.856,0,1,0,-0.15505976,1,2
India,09-01-2020,Ground Transport,0.861154,1578528000,0.861,0,1,0,-0.149481929,1,2
India,10-01-2020,Ground Transport,0.861093,1578614400,0.861,0,1,0,-0.149552766,1,2
India,11-01-2020,Ground Transport,0.848278,1578700800,0.848,0,1,0,-0.164546867,1,2
India,12-01-2020,Ground Transport,0.802361,1578787200,0.802,0,1,0,-0.220196648,1,2
India,13-01-2020,Ground Transport,0.856681,1578873600,0.857,0,1,0,-0.154689658,1,2
India,14-01-2020,Ground Transport,0.853122,1578960000,0.853,0,1,0,-0.158852717,1,2
India,15-01-2020,Ground Transport,0.855581,1579046400,0.856,0,1,0,-0.155974509,1,2
India,16-01-2020,Ground Transport,0.86071,1579132800,0.861,0,1,0,-0.149997649,1,2
India,17-01-2020,Ground Transport,0.862535,1579219200,0.863,0,1,0,-0.147879551,1,2
India,18-01-2020,Ground Transport,0.852221,1579305600,0.852,0,1,0,-0.159909396,1,2
India,19-01-2020,Ground Transport,0.787075,1579392000,0.787,0,1,0,-0.239431737,1,2
India,20-01-2020,Ground Transport,0.857862,1579478400,0.858,0,1,0,-0.153312032,1,2
India,21-01-2020,Ground Transport,0.855025,1579564800,0.855,0,1,0,-0.156624571,1,2
India,22-01-2020,Ground Transport,0.86024,1579651200,0.86,0,1,0,-0.150543859,1,2
India,23-01-2020,Ground Transport,0.86038,1579737600,0.86,0,1,0,-0.150381127,1,2
India,24-01-2020,Ground Transport,0.857077,1579824000,0.857,0,1,0,-0.154227516,1,2
India,25-01-2020,Ground Transport,0.842602,1579910400,0.843,0,1,0,-0.171260556,1,2
India,26-01-2020,Ground Transport,0.693458,1579996800,0.693,0,1,0,-0.366064603,1,2
India,27-01-2020,Ground Transport,0.854197,1580083200,0.854,0,1,0,-0.157593433,1,2
India,28-01-2020,Ground Transport,0.86335,1580169600,0.863,0,1,0,-0.146935108,1,2
India,29-01-2020,Ground Transport,0.862953,1580256000,0.863,0,1,0,-0.147395051,1,2
India,30-01-2020,Ground Transport,0.861859,1580342400,0.862,0,1,0,-0.148663595,1,2
India,31-01-2020,Ground Transport,0.857996,1580428800,0.858,0,1,0,-0.153155842,1,2
India,01-02-2020,Ground Transport,0.846266,1580515200,0.846,0,1,0,-0.166921548,2,2
India,02-02-2020,Ground Transport,0.787113,1580601600,0.787,0,1,0,-0.239383458,2,2
India,03-02-2020,Ground Transport,0.854648,1580688000,0.855,0,1,0,-0.157065591,2,2
India,04-02-2020,Ground Transport,0.853002,1580774400,0.853,0,1,0,-0.158993387,2,2
India,05-02-2020,Ground Transport,0.854293,1580860800,0.854,0,1,0,-0.157481053,2,2
India,06-02-2020,Ground Transport,0.85513,1580947200,0.855,0,1,0,-0.156501775,2,2
India,07-02-2020,Ground Transport,0.859274,1581033600,0.859,0,1,0,-0.151667432,2,2
India,08-02-2020,Ground Transport,0.751667,1581120000,0.752,0,1,0,-0.285461872,2,2
India,09-02-2020,Ground Transport,0.79369,1581206400,0.794,0,1,0,-0.231062322,2,2
India,10-02-2020,Ground Transport,0.851348,1581292800,0.851,0,1,0,-0.160934303,2,2
India,11-02-2020,Ground Transport,0.844992,1581379200,0.845,0,1,0,-0.168428119,2,2
India,12-02-2020,Ground Transport,0.855816,1581465600,0.856,0,1,0,-0.155699879,2,2
India,13-02-2020,Ground Transport,0.852345,1581552000,0.852,0,1,0,-0.159763905,2,2
India,14-02-2020,Ground Transport,0.862978,1581638400,0.863,0,1,0,-0.147366081,2,2
India,15-02-2020,Ground Transport,0.845225,1581724800,0.845,0,1,0,-0.168152415,2,2
India,16-02-2020,Ground Transport,0.784408,1581811200,0.784,0,1,0,-0.242825986,2,2
India,17-02-2020,Ground Transport,0.845859,1581897600,0.846,0,1,0,-0.1674026,2,2
India,18-02-2020,Ground Transport,0.848004,1581984000,0.848,0,1,0,-0.164869926,2,2
India,19-02-2020,Ground Transport,0.849181,1582070400,0.849,0,1,0,-0.163482923,2,2
India,20-02-2020,Ground Transport,0.853584,1582156800,0.854,0,1,0,-0.158311323,2,2
India,21-02-2020,Ground Transport,0.832464,1582243200,0.832,0,1,0,-0.183365301,2,2
India,22-02-2020,Ground Transport,0.833604,1582329600,0.834,0,1,0,-0.18199681,2,2
India,23-02-2020,Ground Transport,0.765451,1582416000,0.765,0,1,0,-0.267290076,2,2
India,24-02-2020,Ground Transport,0.845692,1582502400,0.846,0,1,0,-0.167600052,2,2
India,25-02-2020,Ground Transport,0.838706,1582588800,0.839,0,1,0,-0.175895051,2,2
India,26-02-2020,Ground Transport,0.832157,1582675200,0.832,0,1,0,-0.183734154,2,2
India,27-02-2020,Ground Transport,0.838375,1582761600,0.838,0,1,0,-0.176289785,2,2
India,28-02-2020,Ground Transport,0.844499,1582848000,0.844,0,1,0,-0.169011727,2,2
India,29-02-2020,Ground Transport,0.839446,1582934400,0.839,0,1,0,-0.175013129,2,2
India,01-03-2020,Ground Transport,0.754466,1583020800,0.754,1,1,1,-0.281745065,3,2
India,02-03-2020,Ground Transport,0.837118,1583107200,0.837,1,1,1,-0.177790239,3,2
India,03-03-2020,Ground Transport,0.842093,1583193600,0.842,1,1,1,-0.17186482,3,2
India,04-03-2020,Ground Transport,0.848689,1583280000,0.849,1,1,1,-0.164062473,3,2
India,05-03-2020,Ground Transport,0.854212,1583366400,0.854,1,1,1,-0.157575872,3,2
India,06-03-2020,Ground Transport,0.864564,1583452800,0.865,1,1,1,-0.145529945,3,2
India,07-03-2020,Ground Transport,0.84184,1583539200,0.842,1,1,1,-0.172165307,3,2
India,08-03-2020,Ground Transport,0.750217,1583625600,0.75,1,1,1,-0.287392781,3,2
India,09-03-2020,Ground Transport,0.791826,1583712000,0.792,1,1,1,-0.233413608,3,2
India,10-03-2020,Ground Transport,0.189772,1583798400,0.19,1,1,1,-1.661931927,3,2
India,11-03-2020,Ground Transport,0.788858,1583884800,0.789,1,1,1,-0.237168949,3,2
India,12-03-2020,Ground Transport,0.83348,1583971200,0.833,1,1,1,-0.182145572,3,2
India,13-03-2020,Ground Transport,0.830371,1584057600,0.83,1,1,1,-0.18588269,3,2
India,14-03-2020,Ground Transport,0.819193,1584144000,0.819,1,1,1,-0.19943557,3,2
India,15-03-2020,Ground Transport,0.717036,1584230400,0.717,1,1,1,-0.33262923,3,2
India,16-03-2020,Ground Transport,0.829145,1584316800,0.829,1,1,1,-0.18736023,3,2
India,17-03-2020,Ground Transport,0.821684,1584403200,0.822,1,1,1,-0.196399386,3,2
India,18-03-2020,Ground Transport,0.816889,1584489600,0.817,1,1,1,-0.202252056,3,2
India,19-03-2020,Ground Transport,0.804451,1584576000,0.804,1,1,1,-0.217595222,3,2
India,20-03-2020,Ground Transport,0.804451,1584662400,0.804,1,1,1,-0.217595222,3,2
India,21-03-2020,Ground Transport,0.681315,1584748800,0.681,1,1,1,-0.383730525,3,2
India,22-03-2020,Ground Transport,0.116274,1584835200,0.116,1,1,1,-2.151805804,3,2
India,23-03-2020,Ground Transport,0.354869,1584921600,0.355,1,1,1,-1.036006572,3,2
India,24-03-2020,Ground Transport,0.294187,1585008000,0.294,1,0,0,-1.223539659,3,2
India,25-03-2020,Ground Transport,0.337475,1585094400,0.337,1,0,0,-1.086263845,3,2
India,26-03-2020,Ground Transport,0.382639,1585180800,0.383,1,0,0,-0.960663293,3,2
India,27-03-2020,Ground Transport,0.255928,1585267200,0.256,1,0,0,-1.362859124,3,2
India,28-03-2020,Ground Transport,0.198305,1585353600,0.198,1,0,0,-1.617949029,3,2
India,29-03-2020,Ground Transport,0.119223,1585440000,0.119,1,0,0,-2.12675959,3,2
India,30-03-2020,Ground Transport,0.28019,1585526400,0.28,1,0,0,-1.272287335,3,2
India,31-03-2020,Ground Transport,0.29216,1585612800,0.292,1,0,0,-1.230453682,3,2
India,01-04-2020,Ground Transport,0.258724,1585699200,0.259,1,0,0,-1.351993423,4,2
India,02-04-2020,Ground Transport,0.212895,1585785600,0.213,1,0,0,-1.546956193,4,2
India,03-04-2020,Ground Transport,0.24732,1585872000,0.247,1,0,0,-1.397072234,4,2
India,04-04-2020,Ground Transport,0.173215,1585958400,0.173,1,0,0,-1.753221682,4,2
India,05-04-2020,Ground Transport,0.11689,1586044800,0.117,1,0,0,-2.146521957,4,2
India,06-04-2020,Ground Transport,0.20653,1586131200,0.207,1,0,0,-1.577309599,4,2
India,07-04-2020,Ground Transport,0.311336,1586217600,0.311,1,0,0,-1.166882564,4,2
India,08-04-2020,Ground Transport,0.289646,1586304000,0.29,1,0,0,-1.239095791,4,2
India,09-04-2020,Ground Transport,0.302253,1586390400,0.302,1,0,0,-1.196490864,4,2
India,10-04-2020,Ground Transport,0.262528,1586476800,0.263,1,0,0,-1.337397536,4,2
India,11-04-2020,Ground Transport,0.211476,1586563200,0.211,1,0,0,-1.553643762,4,2
India,12-04-2020,Ground Transport,0.116584,1586649600,0.117,1,0,0,-2.149143236,4,2
India,13-04-2020,Ground Transport,0.280074,1586736000,0.28,1,0,0,-1.272701425,4,2
India,14-04-2020,Ground Transport,0.231112,1586822400,0.231,1,0,0,-1.464852837,4,2
India,15-04-2020,Ground Transport,0.320736,1586908800,0.321,1,0,0,-1.137136924,4,2
India,16-04-2020,Ground Transport,0.332363,1586995200,0.332,1,0,0,-1.101527534,4,2
India,17-04-2020,Ground Transport,0.319116,1587081600,0.319,1,0,0,-1.142200606,4,2
India,18-04-2020,Ground Transport,0.257806,1587168000,0.258,1,0,0,-1.355547915,4,2
India,19-04-2020,Ground Transport,0.117124,1587254400,0.117,1,0,0,-2.144522076,4,2
India,20-04-2020,Ground Transport,0.441504,1587340800,0.442,1,0,0,-0.817568199,4,2
India,21-04-2020,Ground Transport,0.375639,1587427200,0.376,1,0,0,-0.979126703,4,2
India,22-04-2020,Ground Transport,0.367076,1587513600,0.367,1,0,0,-1.002186368,4,2
India,23-04-2020,Ground Transport,0.38748,1587600000,0.387,1,0,0,-0.948091044,4,2
India,24-04-2020,Ground Transport,0.366156,1587686400,0.366,1,0,0,-1.004695807,4,2
India,25-04-2020,Ground Transport,0.242441,1587772800,0.242,1,0,0,-1.416996897,4,2
India,26-04-2020,Ground Transport,0.125731,1587859200,0.126,1,0,0,-2.073610575,4,2
India,27-04-2020,Ground Transport,0.423156,1587945600,0.423,1,0,0,-0.860014374,4,2
India,28-04-2020,Ground Transport,0.42765,1588032000,0.428,1,0,0,-0.849450175,4,2
India,29-04-2020,Ground Transport,0.421832,1588118400,0.422,1,0,0,-0.863148148,4,2
India,30-04-2020,Ground Transport,0.417647,1588204800,0.418,1,0,0,-0.873118701,4,2
India,01-05-2020,Ground Transport,0.444909,1588291200,0.445,1,0,0,-0.809885512,5,2
India,02-05-2020,Ground Transport,0.348724,1588377600,0.349,1,0,0,-1.053474501,5,2
India,03-05-2020,Ground Transport,0.13259,1588464000,0.133,1,0,0,-2.020493619,5,2
India,04-05-2020,Ground Transport,0.567923,1588550400,0.568,1,0,0,-0.565769433,5,2
India,05-05-2020,Ground Transport,0.559538,1588636800,0.56,1,0,0,-0.580643836,5,2
India,06-05-2020,Ground Transport,0.581113,1588723200,0.581,1,0,0,-0.542810049,5,2
India,07-05-2020,Ground Transport,0.511344,1588809600,0.511,1,0,0,-0.670712725,5,2
India,08-05-2020,Ground Transport,0.55979,1588896000,0.56,1,0,0,-0.580193566,5,2
India,09-05-2020,Ground Transport,0.484848,1588982400,0.485,1,0,0,-0.723919839,5,2
India,10-05-2020,Ground Transport,0.277192,1589068800,0.277,1,0,0,-1.283044872,5,2
India,11-05-2020,Ground Transport,0.592383,1589155200,0.592,1,0,0,-0.523601894,5,2
India,12-05-2020,Ground Transport,0.57923,1589241600,0.579,1,0,0,-0.546055644,5,2
India,13-05-2020,Ground Transport,0.586695,1589328000,0.587,1,0,0,-0.533250185,5,2
India,14-05-2020,Ground Transport,0.615096,1589414400,0.615,1,0,0,-0.485976926,5,2
India,15-05-2020,Ground Transport,0.600511,1589500800,0.601,1,0,0,-0.50997432,5,2
India,16-05-2020,Ground Transport,0.53954,1589587200,0.54,1,0,0,-0.617038354,5,2
India,17-05-2020,Ground Transport,0.304125,1589673600,0.304,1,0,0,-1.190316478,5,2
India,18-05-2020,Ground Transport,0.650256,1589760000,0.65,1,0,0,-0.430389147,5,2
India,19-05-2020,Ground Transport,0.714828,1589846400,0.715,1,0,0,-0.335713325,5,2
India,20-05-2020,Ground Transport,0.703768,1589932800,0.704,1,0,0,-0.351306523,5,2
India,21-05-2020,Ground Transport,0.676101,1590019200,0.676,1,0,0,-0.391412806,5,2
India,22-05-2020,Ground Transport,0.652647,1590105600,0.653,1,0,0,-0.426718878,5,2
India,23-05-2020,Ground Transport,0.563038,1590192000,0.563,1,0,0,-0.574408158,5,2
India,24-05-2020,Ground Transport,0.276834,1590278400,0.277,1,0,0,-1.28433723,5,2
India,25-05-2020,Ground Transport,0.432404,1590364800,0.432,1,0,0,-0.838394943,5,2
India,26-05-2020,Ground Transport,0.672351,1590451200,0.672,1,0,0,-0.396974753,5,2
India,27-05-2020,Ground Transport,0.662125,1590537600,0.662,1,0,0,-0.412300919,5,2
India,28-05-2020,Ground Transport,0.562035,1590624000,0.562,1,0,0,-0.576191153,5,2
India,29-05-2020,Ground Transport,0.710555,1590710400,0.711,1,0,0,-0.341708924,5,2
India,30-05-2020,Ground Transport,0.627882,1590796800,0.628,1,0,0,-0.465403028,5,2
India,31-05-2020,Ground Transport,0.433937,1590883200,0.434,1,0,0,-0.834855917,5,2
India,01-06-2020,Ground Transport,0.724112,1590969600,0.724,1,1,1,-0.322809202,6,2
India,02-06-2020,Ground Transport,0.711012,1591056000,0.711,1,1,1,-0.341065972,6,2
India,03-06-2020,Ground Transport,0.710554,1591142400,0.711,1,1,1,-0.341710332,6,2
India,04-06-2020,Ground Transport,0.711545,1591228800,0.712,1,1,1,-0.340316617,6,2
India,05-06-2020,Ground Transport,0.708544,1591315200,0.709,1,1,1,-0.344543119,6,2
India,06-06-2020,Ground Transport,0.654411,1591401600,0.654,1,1,1,-0.424019685,6,2
India,07-06-2020,Ground Transport,0.452001,1591488000,0.452,1,1,1,-0.794070887,6,2
India,08-06-2020,Ground Transport,0.724268,1591574400,0.724,1,1,1,-0.322593789,6,2
India,09-06-2020,Ground Transport,0.71806,1591660800,0.718,1,1,1,-0.331202148,6,2
India,10-06-2020,Ground Transport,0.740765,1591747200,0.741,1,1,1,-0.300071843,6,2
India,11-06-2020,Ground Transport,0.711545,1591833600,0.712,1,1,1,-0.340316617,6,2
India,12-06-2020,Ground Transport,0.708544,1591920000,0.709,1,1,1,-0.344543119,6,2
India,13-06-2020,Ground Transport,0.654666,1592006400,0.655,1,1,1,-0.423630097,6,2
India,14-06-2020,Ground Transport,0.443058,1592092800,0.443,1,1,1,-0.814054592,6,2
India,15-06-2020,Ground Transport,0.697319,1592179200,0.697,1,1,1,-0.360512297,6,2
India,16-06-2020,Ground Transport,0.69443,1592265600,0.694,1,1,1,-0.364663914,6,2
India,17-06-2020,Ground Transport,0.696835,1592352000,0.697,1,1,1,-0.361206625,6,2
India,18-06-2020,Ground Transport,0.693722,1592438400,0.694,1,1,1,-0.365683975,6,2
India,19-06-2020,Ground Transport,0.689991,1592524800,0.69,1,1,1,-0.371076725,6,2
India,20-06-2020,Ground Transport,0.678708,1592611200,0.679,1,1,1,-0.387564288,6,2
India,21-06-2020,Ground Transport,0.379651,1592697600,0.38,1,1,1,-0.968502869,6,2
India,22-06-2020,Ground Transport,0.740124,1592784000,0.74,1,1,1,-0.300937539,6,2
India,23-06-2020,Ground Transport,0.722165,1592870400,0.722,1,1,1,-0.325501634,6,2
India,24-06-2020,Ground Transport,0.740807,1592956800,0.741,1,1,1,-0.300015146,6,2
India,25-06-2020,Ground Transport,0.719251,1593043200,0.719,1,1,1,-0.329544886,6,2
India,26-06-2020,Ground Transport,0.720743,1593129600,0.721,1,1,1,-0.327472655,6,2
India,27-06-2020,Ground Transport,0.665937,1593216000,0.666,1,1,1,-0.406560208,6,2
India,28-06-2020,Ground Transport,0.434648,1593302400,0.435,1,1,1,-0.833218771,6,2
India,29-06-2020,Ground Transport,0.721632,1593388800,0.722,1,1,1,-0.326239965,6,2
India,30-06-2020,Ground Transport,0.701808,1593475200,0.702,1,1,1,-0.354095417,6,2
India,01-07-2020,Ground Transport,0.733535,1593561600,0.734,1,1,1,-0.309879966,7,2
India,02-07-2020,Ground Transport,0.715884,1593648000,0.716,1,1,1,-0.334237136,7,2
India,03-07-2020,Ground Transport,0.731082,1593734400,0.731,1,1,1,-0.31322965,7,2
India,04-07-2020,Ground Transport,0.699309,1593820800,0.699,1,1,1,-0.357662574,7,2
India,05-07-2020,Ground Transport,0.539626,1593907200,0.54,1,1,1,-0.616878972,7,2
India,06-07-2020,Ground Transport,0.762181,1593993600,0.762,1,1,1,-0.271571219,7,2
India,07-07-2020,Ground Transport,0.758309,1594080000,0.758,1,1,1,-0.276664325,7,2
India,08-07-2020,Ground Transport,0.768311,1594166400,0.768,1,1,1,-0.26356068,7,2
India,09-07-2020,Ground Transport,0.743988,1594252800,0.744,1,1,1,-0.295730373,7,2
India,10-07-2020,Ground Transport,0.763264,1594339200,0.763,1,1,1,-0.270151305,7,2
India,11-07-2020,Ground Transport,0.715034,1594425600,0.715,1,1,1,-0.335425185,7,2
India,12-07-2020,Ground Transport,0.571934,1594512000,0.572,1,1,1,-0.558731679,7,2
India,13-07-2020,Ground Transport,0.77796,1594598400,0.778,1,1,1,-0.25108017,7,2
India,14-07-2020,Ground Transport,0.766525,1594684800,0.767,1,1,1,-0.265887965,7,2
India,15-07-2020,Ground Transport,0.776326,1594771200,0.776,1,1,1,-0.253182744,7,2
India,16-07-2020,Ground Transport,0.769181,1594857600,0.769,1,1,1,-0.262428967,7,2
India,17-07-2020,Ground Transport,0.789457,1594944000,0.789,1,1,1,-0.236409912,7,2
India,18-07-2020,Ground Transport,0.745034,1595030400,0.745,1,1,1,-0.294325424,7,2
India,19-07-2020,Ground Transport,0.642988,1595116800,0.643,1,1,1,-0.441629217,7,2
India,20-07-2020,Ground Transport,0.807427,1595203200,0.807,1,1,1,-0.21390263,7,2
India,21-07-2020,Ground Transport,0.802007,1595289600,0.802,1,1,1,-0.220637943,7,2
India,22-07-2020,Ground Transport,0.822153,1595376000,0.822,1,1,1,-0.19582877,7,2
India,23-07-2020,Ground Transport,0.791611,1595462400,0.792,1,1,1,-0.233685169,7,2
India,24-07-2020,Ground Transport,0.797586,1595548800,0.798,1,1,1,-0.226165613,7,2
India,25-07-2020,Ground Transport,0.751556,1595635200,0.752,1,1,1,-0.285609555,7,2
India,26-07-2020,Ground Transport,0.598023,1595721600,0.598,1,1,1,-0.514126064,7,2
India,27-07-2020,Ground Transport,0.80117,1595808000,0.801,1,1,1,-0.22168212,7,2
India,28-07-2020,Ground Transport,0.790912,1595894400,0.791,1,1,1,-0.234568569,7,2
India,29-07-2020,Ground Transport,0.80383,1595980800,0.804,1,1,1,-0.218367475,7,2
India,30-07-2020,Ground Transport,0.800503,1596067200,0.801,1,1,1,-0.222514999,7,2
India,31-07-2020,Ground Transport,0.81922,1596153600,0.819,1,1,1,-0.199402611,7,2
India,01-08-2020,Ground Transport,0.732241,1596240000,0.732,1,1,1,-0.311645584,8,2
India,02-08-2020,Ground Transport,0.693736,1596326400,0.694,1,1,1,-0.365663794,8,2
India,03-08-2020,Ground Transport,0.785993,1596412800,0.786,1,1,1,-0.240807392,8,2
India,04-08-2020,Ground Transport,0.786187,1596499200,0.786,1,1,1,-0.240560601,8,2
India,05-08-2020,Ground Transport,0.808894,1596585600,0.809,1,1,1,-0.212087396,8,2
India,06-08-2020,Ground Transport,0.81175,1596672000,0.812,1,1,1,-0.208562868,8,2
India,07-08-2020,Ground Transport,0.8161,1596758400,0.816,1,1,1,-0.203218383,8,2
India,08-08-2020,Ground Transport,0.776965,1596844800,0.777,1,1,1,-0.252359975,8,2
India,09-08-2020,Ground Transport,0.665529,1596931200,0.666,1,1,1,-0.407173066,8,2
India,10-08-2020,Ground Transport,0.831402,1597017600,0.831,1,1,1,-0.184641847,8,2
India,11-08-2020,Ground Transport,0.811169,1597104000,0.811,1,1,1,-0.209278862,8,2
India,12-08-2020,Ground Transport,0.755999,1597190400,0.756,1,1,1,-0.279715226,8,2
India,13-08-2020,Ground Transport,0.823418,1597276800,0.823,1,1,1,-0.194291309,8,2
India,14-08-2020,Ground Transport,0.839497,1597363200,0.839,1,1,1,-0.174952376,8,2
India,15-08-2020,Ground Transport,0.514584,1597449600,0.515,1,1,1,-0.664396472,8,2
India,16-08-2020,Ground Transport,0.701088,1597536000,0.701,1,1,1,-0.355121865,8,2
India,17-08-2020,Ground Transport,0.847466,1597622400,0.847,1,1,1,-0.165504559,8,2
India,18-08-2020,Ground Transport,0.836368,1597708800,0.836,1,1,1,-0.178686571,8,2
India,19-08-2020,Ground Transport,0.839588,1597795200,0.84,1,1,1,-0.174843984,8,2
India,20-08-2020,Ground Transport,0.836608,1597881600,0.837,1,1,1,-0.178399658,8,2
India,21-08-2020,Ground Transport,0.842747,1597968000,0.843,1,1,1,-0.171088485,8,2
India,22-08-2020,Ground Transport,0.801631,1598054400,0.802,1,1,1,-0.221106877,8,2
India,23-08-2020,Ground Transport,0.695631,1598140800,0.696,1,1,1,-0.362935932,8,2
India,24-08-2020,Ground Transport,0.835765,1598227200,0.836,1,1,1,-0.179407806,8,2
India,25-08-2020,Ground Transport,0.832138,1598313600,0.832,1,1,1,-0.183756987,8,2
India,26-08-2020,Ground Transport,0.833494,1598400000,0.833,1,1,1,-0.182128775,8,2
India,27-08-2020,Ground Transport,0.827736,1598486400,0.828,1,1,1,-0.189061016,8,2
India,28-08-2020,Ground Transport,0.840081,1598572800,0.84,1,1,1,-0.174256963,8,2
India,29-08-2020,Ground Transport,0.816099,1598659200,0.816,1,1,1,-0.203219608,8,2
India,30-08-2020,Ground Transport,0.715784,1598745600,0.716,1,1,1,-0.334376834,8,2
India,31-08-2020,Ground Transport,0.834648,1598832000,0.835,1,1,1,-0.1807452,8,2
India,01-09-2020,Ground Transport,0.821547,1598918400,0.822,1,1,1,-0.196566131,9,2
India,02-09-2020,Ground Transport,0.828391,1599004800,0.828,1,1,1,-0.188270014,9,2
India,03-09-2020,Ground Transport,0.819551,1599091200,0.82,1,1,1,-0.19899865,9,2
India,04-09-2020,Ground Transport,0.827854,1599177600,0.828,1,1,1,-0.188918469,9,2
India,05-09-2020,Ground Transport,0.828937,1599264000,0.829,1,1,1,-0.187611122,9,2
India,06-09-2020,Ground Transport,0.737232,1599350400,0.737,1,1,1,-0.304852647,9,2
India,07-09-2020,Ground Transport,0.840807,1599436800,0.841,1,1,1,-0.173393134,9,2
India,08-09-2020,Ground Transport,0.825088,1599523200,0.825,1,1,1,-0.192265232,9,2
India,09-09-2020,Ground Transport,0.828761,1599609600,0.829,1,1,1,-0.187823465,9,2
India,10-09-2020,Ground Transport,0.81627,1599696000,0.816,1,1,1,-0.203010096,9,2
India,11-09-2020,Ground Transport,0.820482,1599782400,0.82,1,1,1,-0.197863307,9,2
India,12-09-2020,Ground Transport,0.794052,1599868800,0.794,1,1,1,-0.230606329,9,2
India,13-09-2020,Ground Transport,0.722879,1599955200,0.723,1,1,1,-0.324513429,9,2
India,14-09-2020,Ground Transport,0.819301,1600041600,0.819,1,1,1,-0.199303741,9,2
India,15-09-2020,Ground Transport,0.810914,1600128000,0.811,1,1,1,-0.209593272,9,2
India,16-09-2020,Ground Transport,0.81499,1600214400,0.815,1,1,1,-0.204579436,9,2
India,17-09-2020,Ground Transport,0.790003,1600300800,0.79,1,1,1,-0.235718536,9,2
India,18-09-2020,Ground Transport,0.814666,1600387200,0.815,1,1,1,-0.204977066,9,2
India,19-09-2020,Ground Transport,0.80037,1600473600,0.8,1,1,1,-0.222681158,9,2
India,20-09-2020,Ground Transport,0.706536,1600560000,0.707,1,1,1,-0.347381123,9,2
India,21-09-2020,Ground Transport,0.809958,1600646400,0.81,1,1,1,-0.210772885,9,2
India,22-09-2020,Ground Transport,0.80889,1600732800,0.809,1,1,1,-0.212092342,9,2
India,23-09-2020,Ground Transport,0.816831,1600819200,0.817,1,1,1,-0.20232306,9,2
India,24-09-2020,Ground Transport,0.805103,1600905600,0.805,1,1,1,-0.216785059,9,2
India,25-09-2020,Ground Transport,0.81068,1600992000,0.811,1,1,1,-0.209881877,9,2
India,26-09-2020,Ground Transport,0.80068,1601078400,0.801,1,1,1,-0.222293912,9,2
India,27-09-2020,Ground Transport,0.711125,1601164800,0.711,1,1,1,-0.340907056,9,2
India,28-09-2020,Ground Transport,0.811917,1601251200,0.812,1,1,1,-0.208357161,9,2
India,29-09-2020,Ground Transport,0.812661,1601337600,0.813,1,1,1,-0.207441231,9,2
India,30-09-2020,Ground Transport,0.820347,1601424000,0.82,1,1,1,-0.198027858,9,2
India,01-10-2020,Ground Transport,0.825538,1601510400,0.826,1,1,1,-0.191719984,10,2
India,02-10-2020,Ground Transport,0.656753,1601596800,0.657,1,1,1,-0.420447282,10,2
India,03-10-2020,Ground Transport,0.814072,1601683200,0.814,1,1,1,-0.205706465,10,2
India,04-10-2020,Ground Transport,0.727656,1601769600,0.728,1,1,1,-0.31792687,10,2
India,05-10-2020,Ground Transport,0.82397,1601856000,0.824,1,1,1,-0.193621158,10,2
India,06-10-2020,Ground Transport,0.815956,1601942400,0.816,1,1,1,-0.203394847,10,2
India,07-10-2020,Ground Transport,0.819562,1602028800,0.82,1,1,1,-0.198985228,10,2
India,08-10-2020,Ground Transport,0.812395,1602115200,0.812,1,1,1,-0.207768604,10,2
India,09-10-2020,Ground Transport,0.818904,1602201600,0.819,1,1,1,-0.199788418,10,2
India,10-10-2020,Ground Transport,0.80556,1602288000,0.806,1,1,1,-0.216217591,10,2
India,11-10-2020,Ground Transport,0.733604,1602374400,0.734,1,1,1,-0.309785905,10,2
India,12-10-2020,Ground Transport,0.813138,1602460800,0.813,1,1,1,-0.206854442,10,2
India,13-10-2020,Ground Transport,0.818829,1602547200,0.819,1,1,1,-0.199880008,10,2
India,14-10-2020,Ground Transport,0.82544,1602633600,0.825,1,1,1,-0.191838701,10,2
India,15-10-2020,Ground Transport,0.823511,1602720000,0.824,1,1,1,-0.194178372,10,2
India,16-10-2020,Ground Transport,0.827377,1602806400,0.827,1,1,1,-0.189494823,10,2
India,17-10-2020,Ground Transport,0.794632,1602892800,0.795,1,1,1,-0.229876165,10,2
India,18-10-2020,Ground Transport,0.735819,1602979200,0.736,1,1,1,-0.306771114,10,2
India,19-10-2020,Ground Transport,0.81827,1603065600,0.818,1,1,1,-0.200562923,10,2
India,20-10-2020,Ground Transport,0.81648,1603152000,0.816,1,1,1,-0.202752862,10,2
India,21-10-2020,Ground Transport,0.817308,1603238400,0.817,1,1,1,-0.201739266,10,2
India,22-10-2020,Ground Transport,0.811773,1603324800,0.812,1,1,1,-0.208534535,10,2
India,23-10-2020,Ground Transport,0.814625,1603411200,0.815,1,1,1,-0.205027394,10,2
India,24-10-2020,Ground Transport,0.793958,1603497600,0.794,1,1,1,-0.230724716,10,2
India,25-10-2020,Ground Transport,0.675395,1603584000,0.675,1,1,1,-0.392457574,10,2
India,26-10-2020,Ground Transport,0.800906,1603670400,0.801,1,1,1,-0.222011692,10,2
India,27-10-2020,Ground Transport,0.814122,1603756800,0.814,1,1,1,-0.205645047,10,2
India,28-10-2020,Ground Transport,0.819603,1603843200,0.82,1,1,1,-0.198935202,10,2
India,29-10-2020,Ground Transport,0.812894,1603929600,0.813,1,1,1,-0.207154559,10,2
India,30-10-2020,Ground Transport,0.784696,1604016000,0.785,1,1,1,-0.242458897,10,2
India,31-10-2020,Ground Transport,0.806623,1604102400,0.807,1,1,1,-0.214898882,10,2
India,01-11-2020,Ground Transport,0.737963,1604188800,0.738,1,1,1,-0.303861591,11,2
India,02-11-2020,Ground Transport,0.816492,1604275200,0.816,1,1,1,-0.202738165,11,2
India,03-11-2020,Ground Transport,0.821132,1604361600,0.821,1,1,1,-0.197071403,11,2
India,04-11-2020,Ground Transport,0.768201,1604448000,0.768,1,1,1,-0.263703861,11,2
India,05-11-2020,Ground Transport,0.802363,1604534400,0.802,1,1,1,-0.220194155,11,2
India,06-11-2020,Ground Transport,0.815421,1604620800,0.815,1,1,1,-0.204050735,11,2
India,07-11-2020,Ground Transport,0.8165,1604707200,0.816,1,1,1,-0.202728367,11,2
India,08-11-2020,Ground Transport,0.725577,1604793600,0.726,1,1,1,-0.320788079,11,2
India,09-11-2020,Ground Transport,0.822275,1604880000,0.822,1,1,1,-0.19568039,11,2
India,10-11-2020,Ground Transport,0.822418,1604966400,0.822,1,1,1,-0.195506497,11,2
India,11-11-2020,Ground Transport,0.834897,1605052800,0.835,1,1,1,-0.180446915,11,2
India,12-11-2020,Ground Transport,0.8382,1605139200,0.838,1,1,1,-0.176498543,11,2
India,13-11-2020,Ground Transport,0.828112,1605225600,0.828,1,1,1,-0.188606868,11,2
India,14-11-2020,Ground Transport,0.590496,1605312000,0.59,1,1,1,-0.526792417,11,2
India,15-11-2020,Ground Transport,0.491374,1605398400,0.491,1,1,1,-0.71054973,11,2
India,16-11-2020,Ground Transport,0.775937,1605484800,0.776,1,1,1,-0.253683948,11,2
India,17-11-2020,Ground Transport,0.771582,1605571200,0.772,1,1,1,-0.259312326,11,2
India,18-11-2020,Ground Transport,0.791239,1605657600,0.791,1,1,1,-0.234155208,11,2
India,19-11-2020,Ground Transport,0.778114,1605744000,0.778,1,1,1,-0.250882236,11,2
India,20-11-2020,Ground Transport,0.766447,1605830400,0.766,1,1,1,-0.265989729,11,2
India,21-11-2020,Ground Transport,0.763259,1605916800,0.763,1,1,1,-0.270157856,11,2
India,22-11-2020,Ground Transport,0.684401,1606003200,0.684,1,1,1,-0.379211276,11,2
India,23-11-2020,Ground Transport,0.785222,1606089600,0.785,1,1,1,-0.241788799,11,2
India,24-11-2020,Ground Transport,0.778603,1606176000,0.779,1,1,1,-0.250253991,11,2
India,25-11-2020,Ground Transport,0.795882,1606262400,0.796,1,1,1,-0.228304345,11,2
India,26-11-2020,Ground Transport,0.781935,1606348800,0.782,1,1,1,-0.245983662,11,2
India,27-11-2020,Ground Transport,0.795475,1606435200,0.795,1,1,1,-0.228815858,11,2
India,28-11-2020,Ground Transport,0.765875,1606521600,0.766,1,1,1,-0.266736308,11,2
India,29-11-2020,Ground Transport,0.667377,1606608000,0.667,1,1,1,-0.404400175,11,2
India,30-11-2020,Ground Transport,0.723488,1606694400,0.723,1,1,1,-0.323671319,11,2
India,01-12-2020,Ground Transport,0.794881,1606780800,0.795,1,1,1,-0.229562861,12,2
India,02-12-2020,Ground Transport,0.787548,1606867200,0.788,1,1,1,-0.238830958,12,2
India,03-12-2020,Ground Transport,0.792779,1606953600,0.793,1,1,1,-0.232210785,12,2
India,04-12-2020,Ground Transport,0.789019,1607040000,0.789,1,1,1,-0.236964877,12,2
India,05-12-2020,Ground Transport,0.789392,1607126400,0.789,1,1,1,-0.23649225,12,2
India,06-12-2020,Ground Transport,0.71437,1607212800,0.714,1,1,1,-0.336354244,12,2
India,07-12-2020,Ground Transport,0.810805,1607299200,0.811,1,1,1,-0.209727698,12,2
India,08-12-2020,Ground Transport,0.637253,1607385600,0.637,1,1,1,-0.450588528,12,2
India,09-12-2020,Ground Transport,0.816758,1607472000,0.817,1,1,1,-0.202412434,12,2
India,10-12-2020,Ground Transport,0.806185,1607558400,0.806,1,1,1,-0.215442034,12,2
India,11-12-2020,Ground Transport,0.799327,1607644800,0.799,1,1,1,-0.223985155,12,2
India,12-12-2020,Ground Transport,0.772547,1607731200,0.773,1,1,1,-0.258062431,12,2
India,13-12-2020,Ground Transport,0.705417,1607817600,0.705,1,1,1,-0.348966162,12,2
India,14-12-2020,Ground Transport,0.788026,1607904000,0.788,1,1,1,-0.238224195,12,2
India,15-12-2020,Ground Transport,0.797532,1607990400,0.798,1,1,1,-0.22623332,12,2
India,16-12-2020,Ground Transport,0.808471,1608076800,0.808,1,1,1,-0.21261047,12,2
India,17-12-2020,Ground Transport,0.801748,1608163200,0.802,1,1,1,-0.220960935,12,2
India,18-12-2020,Ground Transport,0.801896,1608249600,0.802,1,1,1,-0.220776355,12,2
India,19-12-2020,Ground Transport,0.797854,1608336000,0.798,1,1,1,-0.225829656,12,2
India,20-12-2020,Ground Transport,0.725955,1608422400,0.726,1,1,1,-0.32026725,12,2
India,21-12-2020,Ground Transport,0.808106,1608508800,0.808,1,1,1,-0.213062041,12,2
India,22-12-2020,Ground Transport,0.813673,1608595200,0.814,1,1,1,-0.206196714,12,2
India,23-12-2020,Ground Transport,0.816401,1608681600,0.816,1,1,1,-0.202849623,12,2
India,24-12-2020,Ground Transport,0.822551,1608768000,0.823,1,1,1,-0.195344792,12,2
India,25-12-2020,Ground Transport,0.786291,1608854400,0.786,1,1,1,-0.240428326,12,2
India,26-12-2020,Ground Transport,0.782099,1608940800,0.782,1,1,1,-0.245773948,12,2
India,27-12-2020,Ground Transport,0.704121,1609027200,0.704,1,1,1,-0.350805063,12,2
India,28-12-2020,Ground Transport,0.810368,1609113600,0.81,1,1,1,-0.210266814,12,2
India,29-12-2020,Ground Transport,0.809099,1609200000,0.809,1,1,1,-0.211833996,12,2
India,30-12-2020,Ground Transport,0.817417,1609286400,0.817,1,1,1,-0.20160591,12,2
India,31-12-2020,Ground Transport,0.823761,1609372800,0.824,1,1,1,-0.19387484,12,2
India,01-01-2021,Ground Transport,0.803088,1609459200,0.803,1,1,1,-0.219290982,1,3
India,02-01-2021,Ground Transport,0.764445,1609545600,0.764,1,1,1,-0.268605199,1,3
India,03-01-2021,Ground Transport,0.679939,1609632000,0.68,1,1,1,-0.385752191,1,3
India,04-01-2021,Ground Transport,0.833372,1609718400,0.833,1,1,1,-0.182275158,1,3
India,05-01-2021,Ground Transport,0.826271,1609804800,0.826,1,1,1,-0.190832472,1,3
India,06-01-2021,Ground Transport,0.836434,1609891200,0.836,1,1,1,-0.178607662,1,3
India,07-01-2021,Ground Transport,0.825769,1609977600,0.826,1,1,1,-0.191440206,1,3
India,08-01-2021,Ground Transport,0.83036,1610064000,0.83,1,1,1,-0.185895937,1,3
India,09-01-2021,Ground Transport,0.819027,1610150400,0.819,1,1,1,-0.199638229,1,3
India,10-01-2021,Ground Transport,0.751393,1610236800,0.751,1,1,1,-0.285826462,1,3
India,11-01-2021,Ground Transport,0.830496,1610323200,0.83,1,1,1,-0.185732166,1,3
India,12-01-2021,Ground Transport,0.830297,1610409600,0.83,1,1,1,-0.185971811,1,3
India,13-01-2021,Ground Transport,0.839941,1610496000,0.84,1,1,1,-0.174423628,1,3
India,14-01-2021,Ground Transport,0.807263,1610582400,0.807,1,1,1,-0.214105765,1,3
India,15-01-2021,Ground Transport,0.844454,1610668800,0.844,1,1,1,-0.169065014,1,3
India,16-01-2021,Ground Transport,0.834227,1610755200,0.834,1,1,1,-0.181249731,1,3
India,17-01-2021,Ground Transport,0.745698,1610841600,0.746,1,1,1,-0.293434586,1,3
India,18-01-2021,Ground Transport,0.819241,1610928000,0.819,1,1,1,-0.199376977,1,3
India,19-01-2021,Ground Transport,0.82407,1611014400,0.824,1,1,1,-0.193499801,1,3
India,20-01-2021,Ground Transport,0.826289,1611100800,0.826,1,1,1,-0.190810688,1,3
India,21-01-2021,Ground Transport,0.824142,1611187200,0.824,1,1,1,-0.193412434,1,3
India,22-01-2021,Ground Transport,0.821195,1611273600,0.821,1,1,1,-0.196994683,1,3
India,23-01-2021,Ground Transport,0.825314,1611360000,0.825,1,1,1,-0.191991359,1,3
India,24-01-2021,Ground Transport,0.726973,1611446400,0.727,1,1,1,-0.318865941,1,3
India,25-01-2021,Ground Transport,0.802092,1611532800,0.802,1,1,1,-0.220531964,1,3
India,26-01-2021,Ground Transport,0.551054,1611619200,0.551,1,1,1,-0.595922471,1,3
India,27-01-2021,Ground Transport,0.808475,1611705600,0.808,1,1,1,-0.212605522,1,3
India,28-01-2021,Ground Transport,0.834237,1611792000,0.834,1,1,1,-0.181237744,1,3
India,29-01-2021,Ground Transport,0.831954,1611878400,0.832,1,1,1,-0.183978128,1,3
India,30-01-2021,Ground Transport,0.830833,1611964800,0.831,1,1,1,-0.185326467,1,3
India,31-01-2021,Ground Transport,0.756393,1612051200,0.756,1,1,1,-0.279194197,1,3
India,01-02-2021,Ground Transport,0.835539,1612137600,0.836,1,1,1,-0.179678253,2,3
India,02-02-2021,Ground Transport,0.826319,1612224000,0.826,1,1,1,-0.190774381,2,3
India,03-02-2021,Ground Transport,0.830576,1612310400,0.831,1,1,1,-0.185635843,2,3
India,04-02-2021,Ground Transport,0.836171,1612396800,0.836,1,1,1,-0.178922141,2,3
India,05-02-2021,Ground Transport,0.838501,1612483200,0.839,1,1,1,-0.176139505,2,3
India,06-02-2021,Ground Transport,0.794761,1612569600,0.795,1,1,1,-0.229713838,2,3
India,07-02-2021,Ground Transport,0.782278,1612656000,0.782,1,1,1,-0.245545103,2,3
India,08-02-2021,Ground Transport,0.833542,1612742400,0.834,1,1,1,-0.182071188,2,3
India,09-02-2021,Ground Transport,0.833591,1612828800,0.834,1,1,1,-0.182012405,2,3
India,10-02-2021,Ground Transport,0.834901,1612915200,0.835,1,1,1,-0.180442124,2,3
India,11-02-2021,Ground Transport,0.833182,1613001600,0.833,1,1,1,-0.182503173,2,3
India,12-02-2021,Ground Transport,0.836736,1613088000,0.837,1,1,1,-0.17824667,2,3
India,13-02-2021,Ground Transport,0.835003,1613174400,0.835,1,1,1,-0.180319961,2,3
India,14-02-2021,Ground Transport,0.796632,1613260800,0.797,1,1,1,-0.227362438,2,3
India,15-02-2021,Ground Transport,0.828021,1613347200,0.828,1,1,1,-0.188716763,2,3
India,16-02-2021,Ground Transport,0.843924,1613433600,0.844,1,1,1,-0.169692836,2,3
India,17-02-2021,Ground Transport,0.824228,1613520000,0.824,1,1,1,-0.193308088,2,3
India,18-02-2021,Ground Transport,0.822092,1613606400,0.822,1,1,1,-0.195902968,2,3
India,19-02-2021,Ground Transport,0.832629,1613692800,0.833,1,1,1,-0.183167114,2,3
India,20-02-2021,Ground Transport,0.833998,1613779200,0.834,1,1,1,-0.181524275,2,3
India,21-02-2021,Ground Transport,0.764401,1613865600,0.764,1,1,1,-0.268662758,2,3
India,22-02-2021,Ground Transport,0.82361,1613952000,0.824,1,1,1,-0.194058162,2,3
India,23-02-2021,Ground Transport,0.82287,1614038400,0.823,1,1,1,-0.194957049,2,3
India,24-02-2021,Ground Transport,0.828722,1614124800,0.829,1,1,1,-0.187870524,2,3
India,25-02-2021,Ground Transport,0.825361,1614211200,0.825,1,1,1,-0.191934413,2,3
India,26-02-2021,Ground Transport,0.826849,1614297600,0.827,1,1,1,-0.190133188,2,3
India,27-02-2021,Ground Transport,0.829064,1614384000,0.829,1,1,1,-0.187457925,2,3
India,28-02-2021,Ground Transport,0.764401,1614470400,0.764,1,1,1,-0.268662758,2,3
India,01-03-2021,Ground Transport,0.830398,1614556800,0.83,1,1,1,-0.185850175,3,3
India,02-03-2021,Ground Transport,0.827761,1614643200,0.828,1,1,1,-0.189030814,3,3
India,03-03-2021,Ground Transport,0.831549,1614729600,0.832,1,1,1,-0.184465052,3,3
India,04-03-2021,Ground Transport,0.823439,1614816000,0.823,1,1,1,-0.194265806,3,3
India,05-03-2021,Ground Transport,0.830902,1614902400,0.831,1,1,1,-0.185243421,3,3
India,06-03-2021,Ground Transport,0.832037,1614988800,0.832,1,1,1,-0.183878368,3,3
India,07-03-2021,Ground Transport,0.759399,1615075200,0.759,1,1,1,-0.275227948,3,3
India,08-03-2021,Ground Transport,0.823185,1615161600,0.823,1,1,1,-0.194574316,3,3
India,09-03-2021,Ground Transport,0.827447,1615248000,0.827,1,1,1,-0.189410222,3,3
India,10-03-2021,Ground Transport,0.833921,1615334400,0.834,1,1,1,-0.181616605,3,3
India,11-03-2021,Ground Transport,0.796097,1615420800,0.796,1,1,1,-0.228034241,3,3
India,12-03-2021,Ground Transport,0.837052,1615507200,0.837,1,1,1,-0.177869084,3,3
India,13-03-2021,Ground Transport,0.825188,1615593600,0.825,1,1,1,-0.19214404,3,3
India,14-03-2021,Ground Transport,0.77324,1615680000,0.773,1,1,1,-0.2571658,3,3
India,15-03-2021,Ground Transport,0.836896,1615766400,0.837,1,1,1,-0.178055469,3,3
India,16-03-2021,Ground Transport,0.817712,1615852800,0.818,1,1,1,-0.201245083,3,3
India,17-03-2021,Ground Transport,0.832774,1615939200,0.833,1,1,1,-0.182992982,3,3
India,18-03-2021,Ground Transport,0.82604,1616025600,0.826,1,1,1,-0.19111208,3,3
India,19-03-2021,Ground Transport,0.833755,1616112000,0.834,1,1,1,-0.181815685,3,3
India,20-03-2021,Ground Transport,0.833427,1616198400,0.833,1,1,1,-0.182209163,3,3
India,21-03-2021,Ground Transport,0.764076,1616284800,0.764,1,1,1,-0.269088018,3,3
India,22-03-2021,Ground Transport,0.802577,1616371200,0.803,1,1,1,-0.219927478,3,3
India,23-03-2021,Ground Transport,0.829601,1616457600,0.83,1,1,1,-0.186810417,3,3
India,24-03-2021,Ground Transport,0.831552,1616544000,0.832,1,1,1,-0.184461445,3,3
India,25-03-2021,Ground Transport,0.829582,1616630400,0.83,1,1,1,-0.18683332,3,3
India,26-03-2021,Ground Transport,0.831775,1616716800,0.832,1,1,1,-0.184193307,3,3
India,27-03-2021,Ground Transport,0.816974,1616803200,0.817,1,1,1,-0.202148008,3,3
India,28-03-2021,Ground Transport,0.599766,1616889600,0.6,1,1,1,-0.5112157,3,3
India,29-03-2021,Ground Transport,0.140122,1616976000,0.14,1,1,1,-1.965241807,3,3
India,30-03-2021,Ground Transport,0.737032,1617062400,0.737,1,1,1,-0.305123968,3,3
India,31-03-2021,Ground Transport,0.80077,1617148800,0.801,1,1,1,-0.222181514,3,3
India,01-04-2021,Ground Transport,0.813937,1617235200,0.814,1,1,1,-0.205872312,4,3
India,02-04-2021,Ground Transport,0.791906,1617321600,0.792,1,1,1,-0.233312581,4,3
India,03-04-2021,Ground Transport,0.815184,1617408000,0.815,1,1,1,-0.204341424,4,3
India,04-04-2021,Ground Transport,0.742387,1617494400,0.742,1,1,1,-0.297884608,4,3
India,05-04-2021,Ground Transport,0.827079,1617580800,0.827,1,1,1,-0.189855063,4,3
India,06-04-2021,Ground Transport,0.818645,1617667200,0.819,1,1,1,-0.200104745,4,3
India,07-04-2021,Ground Transport,0.822162,1617753600,0.822,1,1,1,-0.195817823,4,3
India,08-04-2021,Ground Transport,0.813617,1617840000,0.814,1,1,1,-0.20626554,4,3
India,09-04-2021,Ground Transport,0.816221,1617926400,0.816,1,1,1,-0.203070127,4,3
India,10-04-2021,Ground Transport,0.795141,1618012800,0.795,1,1,1,-0.229235822,4,3
India,11-04-2021,Ground Transport,0.710142,1618099200,0.71,1,1,1,-0.342290329,4,3
India,12-04-2021,Ground Transport,0.800015,1618185600,0.8,1,1,1,-0.223124801,4,3
India,13-04-2021,Ground Transport,0.77248,1618272000,0.772,1,1,1,-0.258149161,4,3
India,14-04-2021,Ground Transport,0.733567,1618358400,0.734,1,1,1,-0.309836343,4,3
India,15-04-2021,Ground Transport,0.764825,1618444800,0.765,1,1,1,-0.268108229,4,3
India,16-04-2021,Ground Transport,0.809069,1618531200,0.809,1,1,1,-0.211871075,4,3
India,17-04-2021,Ground Transport,0.481373,1618617600,0.481,1,1,1,-0.731112842,4,3
India,18-04-2021,Ground Transport,0.217209,1618704000,0.217,1,1,1,-1.526895255,4,3
India,19-04-2021,Ground Transport,0.803593,1618790400,0.804,1,1,1,-0.218662357,4,3
India,20-04-2021,Ground Transport,0.499647,1618876800,0.5,1,1,1,-0.69385343,4,3
India,21-04-2021,Ground Transport,0.485802,1618963200,0.486,1,1,1,-0.721954146,4,3
India,22-04-2021,Ground Transport,0.521023,1619049600,0.521,1,1,1,-0.651961092,4,3
India,23-04-2021,Ground Transport,0.505328,1619136000,0.505,1,1,1,-0.682547556,4,3
India,24-04-2021,Ground Transport,0.38162,1619222400,0.382,1,1,1,-0.96332993,4,3
India,25-04-2021,Ground Transport,0.210879,1619308800,0.211,1,1,1,-1.55647077,4,3
India,26-04-2021,Ground Transport,0.463172,1619395200,0.463,1,1,1,-0.769656804,4,3
India,27-04-2021,Ground Transport,0.423977,1619481600,0.424,1,1,1,-0.858076071,4,3
India,28-04-2021,Ground Transport,0.447053,1619568000,0.447,1,1,1,-0.805078123,4,3
India,29-04-2021,Ground Transport,0.414385,1619654400,0.414,1,1,1,-0.880959786,4,3
India,30-04-2021,Ground Transport,0.390279,1619740800,0.39,1,1,1,-0.940893411,4,3
