country,date,sector,value,timestamp,rounded_value,Treat,Lockdown,Lockdown*Treat,ln_value
India,01-01-2019,Residential,1.67422,1546300800,1.674,0,1,0,0.515347385
India,02-01-2019,Residential,1.52281,1546387200,1.523,0,1,0,0.420557312
India,03-01-2019,Residential,1.59139,1546473600,1.591,0,1,0,0.464607848
India,04-01-2019,Residential,1.6022,1546560000,1.602,0,1,0,0.471377685
India,05-01-2019,Residential,1.36737,1546646400,1.367,0,1,0,0.312889187
India,06-01-2019,Residential,1.32894,1546732800,1.329,0,1,0,0.284381632
India,07-01-2019,Residential,1.46101,1546819200,1.461,0,1,0,0.379127977
India,08-01-2019,Residential,1.47917,1546905600,1.479,0,1,0,0.39148112
India,09-01-2019,Residential,1.6603,1546992000,1.66,0,1,0,0.506998309
India,10-01-2019,Residential,1.66298,1547078400,1.663,0,1,0,0.508611174
India,11-01-2019,Residential,1.45702,1547164800,1.457,0,1,0,0.376393254
India,12-01-2019,Residential,1.34253,1547251200,1.343,0,1,0,0.294555894
India,13-01-2019,Residential,1.17897,1547337600,1.179,0,1,0,0.164641176
India,14-01-2019,Residential,1.49142,1547424000,1.491,0,1,0,0.399728686
India,15-01-2019,Residential,1.92653,1547510400,1.927,0,1,0,0.655720457
India,16-01-2019,Residential,1.69934,1547596800,1.699,0,1,0,0.53023994
India,17-01-2019,Residential,1.4951,1547683200,1.495,0,1,0,0.402193094
India,18-01-2019,Residential,1.35926,1547769600,1.359,0,1,0,0.306940434
India,19-01-2019,Residential,1.08791,1547856000,1.088,0,1,0,0.084258424
India,20-01-2019,Residential,0.791824,1547942400,0.792,0,1,0,-0.233416134
India,21-01-2019,Residential,0.700467,1548028800,0.7,0,1,0,-0.356008024
India,22-01-2019,Residential,0.918964,1548115200,0.919,0,1,0,-0.08450833
India,23-01-2019,Residential,1.03898,1548201600,1.039,0,1,0,0.038239463
India,24-01-2019,Residential,1.09401,1548288000,1.094,0,1,0,0.089849845
India,25-01-2019,Residential,1.39571,1548374400,1.396,0,1,0,0.333403246
India,26-01-2019,Residential,1.5714,1548460800,1.571,0,1,0,0.451966942
India,27-01-2019,Residential,1.66598,1548547200,1.666,0,1,0,0.510413539
India,28-01-2019,Residential,1.80786,1548633600,1.808,0,1,0,0.592143825
India,29-01-2019,Residential,1.92117,1548720000,1.921,0,1,0,0.652934375
India,30-01-2019,Residential,1.59641,1548806400,1.596,0,1,0,0.467757358
India,31-01-2019,Residential,1.12811,1548892800,1.128,0,1,0,0.120543666
India,01-02-2019,Residential,1.04282,1548979200,1.043,0,1,0,0.041928582
India,02-02-2019,Residential,1.10862,1549065600,1.109,0,1,0,0.103115999
India,03-02-2019,Residential,1.15815,1549152000,1.158,0,1,0,0.146823904
India,04-02-2019,Residential,1.06225,1549238400,1.062,0,1,0,0.0603893
India,05-02-2019,Residential,0.749377,1549324800,0.749,0,1,0,-0.288513084
India,06-02-2019,Residential,0.565026,1549411200,0.565,0,1,0,-0.570883531
India,07-02-2019,Residential,0.872587,1549497600,0.873,0,1,0,-0.136292916
India,08-02-2019,Residential,1.14708,1549584000,1.147,0,1,0,0.137219583
India,09-02-2019,Residential,1.4582,1549670400,1.458,0,1,0,0.377202798
India,10-02-2019,Residential,1.29861,1549756800,1.299,0,1,0,0.261294462
India,11-02-2019,Residential,0.951068,1549843200,0.951,0,1,0,-0.050169715
India,12-02-2019,Residential,0.679305,1549929600,0.679,0,1,0,-0.386685062
India,13-02-2019,Residential,0.48324,1550016000,0.483,0,1,0,-0.727241854
India,14-02-2019,Residential,0.570701,1550102400,0.571,0,1,0,-0.560889849
India,15-02-2019,Residential,0.620933,1550188800,0.621,0,1,0,-0.476532093
India,16-02-2019,Residential,0.756258,1550275200,0.756,0,1,0,-0.279372691
India,17-02-2019,Residential,0.770093,1550361600,0.77,0,1,0,-0.261243992
India,18-02-2019,Residential,0.609741,1550448000,0.61,0,1,0,-0.494721002
India,19-02-2019,Residential,0.519268,1550534400,0.519,0,1,0,-0.655335151
India,20-02-2019,Residential,0.518872,1550620800,0.519,0,1,0,-0.656098054
India,21-02-2019,Residential,0.474667,1550707200,0.475,0,1,0,-0.745141773
India,22-02-2019,Residential,0.532354,1550793600,0.532,0,1,0,-0.630446597
India,23-02-2019,Residential,0.638296,1550880000,0.638,0,1,0,-0.448953153
India,24-02-2019,Residential,0.652568,1550966400,0.653,0,1,0,-0.426839931
India,25-02-2019,Residential,0.602568,1551052800,0.603,0,1,0,-0.506554757
India,26-02-2019,Residential,0.695764,1551139200,0.696,0,1,0,-0.362744757
India,27-02-2019,Residential,1.03973,1551225600,1.04,0,1,0,0.038961064
India,28-02-2019,Residential,1.04588,1551312000,1.046,0,1,0,0.044858636
India,01-03-2019,Residential,0.754727,1551398400,0.755,0,1,0,-0.281399185
India,02-03-2019,Residential,0.742583,1551484800,0.743,0,1,0,-0.29762063
India,03-03-2019,Residential,0.553877,1551571200,0.554,0,1,0,-0.590812639
India,04-03-2019,Residential,0.491401,1551657600,0.491,0,1,0,-0.710494784
India,05-03-2019,Residential,0.499303,1551744000,0.499,0,1,0,-0.694542153
India,06-03-2019,Residential,0.468018,1551830400,0.468,0,1,0,-0.759248522
India,07-03-2019,Residential,0.449437,1551916800,0.449,0,1,0,-0.799759591
India,08-03-2019,Residential,0.47508,1552003200,0.475,0,1,0,-0.744272068
India,09-03-2019,Residential,0.437151,1552089600,0.437,0,1,0,-0.827476606
India,10-03-2019,Residential,0.405776,1552176000,0.406,0,1,0,-0.901953996
India,11-03-2019,Residential,0.450909,1552262400,0.451,0,1,0,-0.796489734
India,12-03-2019,Residential,0.415751,1552348800,0.416,0,1,0,-0.877668756
India,13-03-2019,Residential,0.431763,1552435200,0.432,0,1,0,-0.839878452
India,14-03-2019,Residential,0.459114,1552521600,0.459,0,1,0,-0.778456734
India,15-03-2019,Residential,0.408175,1552608000,0.408,0,1,0,-0.896059275
India,16-03-2019,Residential,0.383128,1552694400,0.383,0,1,0,-0.959386142
India,17-03-2019,Residential,0.375356,1552780800,0.375,0,1,0,-0.97988037
India,18-03-2019,Residential,0.372997,1552867200,0.373,0,1,0,-0.986184902
India,19-03-2019,Residential,0.377276,1552953600,0.377,0,1,0,-0.974778264
India,20-03-2019,Residential,0.394021,1553040000,0.394,0,1,0,-0.931351072
India,21-03-2019,Residential,0.381988,1553126400,0.382,0,1,0,-0.962366084
India,22-03-2019,Residential,0.38218,1553212800,0.382,0,1,0,-0.961863577
India,23-03-2019,Residential,0.373168,1553299200,0.373,0,1,0,-0.985726559
India,24-03-2019,Residential,0.368077,1553385600,0.368,0,1,0,-0.999463124
India,25-03-2019,Residential,0.376331,1553472000,0.376,0,1,0,-0.977286204
India,26-03-2019,Residential,0.364391,1553558400,0.364,0,1,0,-1.009527812
India,27-03-2019,Residential,0.34559,1553644800,0.346,0,1,0,-1.062502178
India,28-03-2019,Residential,0.334979,1553731200,0.335,0,1,0,-1.093687436
India,29-03-2019,Residential,0.331349,1553817600,0.331,0,1,0,-1.104583078
India,30-03-2019,Residential,0.340785,1553904000,0.341,0,1,0,-1.076503499
India,31-03-2019,Residential,0.350889,1553990400,0.351,0,1,0,-1.047285345
India,01-04-2019,Residential,0.356317,1554076800,0.356,0,1,0,-1.031934495
India,02-04-2019,Residential,0.349747,1554163200,0.35,0,1,0,-1.050545243
India,03-04-2019,Residential,0.337167,1554249600,0.337,0,1,0,-1.087176922
India,04-04-2019,Residential,0.336886,1554336000,0.337,0,1,0,-1.088010685
India,05-04-2019,Residential,0.330855,1554422400,0.331,0,1,0,-1.106075066
India,06-04-2019,Residential,0.33452,1554508800,0.335,0,1,0,-1.09505861
India,07-04-2019,Residential,0.337567,1554595200,0.338,0,1,0,-1.08599127
India,08-04-2019,Residential,0.34278,1554681600,0.343,0,1,0,-1.070666437
India,09-04-2019,Residential,0.332442,1554768000,0.332,0,1,0,-1.10128987
India,10-04-2019,Residential,0.33063,1554854400,0.331,0,1,0,-1.106755354
India,11-04-2019,Residential,0.323292,1554940800,0.323,0,1,0,-1.129199339
India,12-04-2019,Residential,0.326505,1555027200,0.327,0,1,0,-1.119310016
India,13-04-2019,Residential,0.337567,1555113600,0.338,0,1,0,-1.08599127
India,14-04-2019,Residential,0.330108,1555200000,0.33,0,1,0,-1.108335405
India,15-04-2019,Residential,0.31657,1555286400,0.317,0,1,0,-1.150210893
India,16-04-2019,Residential,0.331703,1555372800,0.332,0,1,0,-1.103515289
India,17-04-2019,Residential,0.361259,1555459200,0.361,0,1,0,-1.018160126
India,18-04-2019,Residential,0.34662,1555545600,0.347,0,1,0,-1.0595262
India,19-04-2019,Residential,0.328824,1555632000,0.329,0,1,0,-1.112232626
India,20-04-2019,Residential,0.322873,1555718400,0.323,0,1,0,-1.130496222
India,21-04-2019,Residential,0.317758,1555804800,0.318,0,1,0,-1.146465192
India,22-04-2019,Residential,0.310624,1555891200,0.311,0,1,0,-1.169172101
India,23-04-2019,Residential,0.302722,1555977600,0.303,0,1,0,-1.194940386
India,24-04-2019,Residential,0.322818,1556064000,0.323,0,1,0,-1.130666582
India,25-04-2019,Residential,0.314615,1556150400,0.315,0,1,0,-1.15640561
India,26-04-2019,Residential,0.315362,1556236800,0.315,0,1,0,-1.154034094
India,27-04-2019,Residential,0.309919,1556323200,0.31,0,1,0,-1.171444306
India,28-04-2019,Residential,0.307267,1556409600,0.307,0,1,0,-1.180038203
India,29-04-2019,Residential,0.299668,1556496000,0.3,0,1,0,-1.205080084
India,30-04-2019,Residential,0.321303,1556582400,0.321,0,1,0,-1.135370676
India,01-05-2019,Residential,0.309421,1556668800,0.309,0,1,0,-1.17305247
India,02-05-2019,Residential,0.316407,1556755200,0.316,0,1,0,-1.150725919
India,03-05-2019,Residential,0.321024,1556841600,0.321,0,1,0,-1.136239392
India,04-05-2019,Residential,0.313183,1556928000,0.313,0,1,0,-1.160967595
India,05-05-2019,Residential,0.309483,1557014400,0.309,0,1,0,-1.172852116
India,06-05-2019,Residential,0.305256,1557100800,0.305,0,1,0,-1.18660451
India,07-05-2019,Residential,0.303401,1557187200,0.303,0,1,0,-1.192699916
India,08-05-2019,Residential,0.299991,1557273600,0.3,0,1,0,-1.204002805
India,09-05-2019,Residential,0.28971,1557360000,0.29,0,1,0,-1.238874856
India,10-05-2019,Residential,0.296791,1557446400,0.297,0,1,0,-1.214727092
India,11-05-2019,Residential,0.309,1557532800,0.309,0,1,0,-1.174414002
India,12-05-2019,Residential,0.299081,1557619200,0.299,0,1,0,-1.207040839
India,13-05-2019,Residential,0.303379,1557705600,0.303,0,1,0,-1.19277243
India,14-05-2019,Residential,0.304856,1557792000,0.305,0,1,0,-1.187915745
India,15-05-2019,Residential,0.30466,1557878400,0.305,0,1,0,-1.188558878
India,16-05-2019,Residential,0.305115,1557964800,0.305,0,1,0,-1.187066524
India,17-05-2019,Residential,0.307003,1558051200,0.307,0,1,0,-1.180897759
India,18-05-2019,Residential,0.301287,1558137600,0.301,0,1,0,-1.19969198
India,19-05-2019,Residential,0.292079,1558224000,0.292,0,1,0,-1.230730965
India,20-05-2019,Residential,0.295781,1558310400,0.296,0,1,0,-1.218135963
India,21-05-2019,Residential,0.287304,1558396800,0.287,0,1,0,-1.24721439
India,22-05-2019,Residential,0.286477,1558483200,0.286,0,1,0,-1.250097025
India,23-05-2019,Residential,0.303893,1558569600,0.304,0,1,0,-1.191079613
India,24-05-2019,Residential,0.310571,1558656000,0.311,0,1,0,-1.16934274
India,25-05-2019,Residential,0.298132,1558742400,0.298,0,1,0,-1.210218938
India,26-05-2019,Residential,0.29515,1558828800,0.295,0,1,0,-1.220271577
India,27-05-2019,Residential,0.291057,1558915200,0.291,0,1,0,-1.234236155
India,28-05-2019,Residential,0.284722,1559001600,0.285,0,1,0,-1.256242013
India,29-05-2019,Residential,0.279407,1559088000,0.279,0,1,0,-1.275085779
India,30-05-2019,Residential,0.276984,1559174400,0.277,0,1,0,-1.283795536
India,31-05-2019,Residential,0.275263,1559260800,0.275,0,1,0,-1.290028275
India,01-06-2019,Residential,0.284858,1559347200,0.285,0,1,0,-1.255764468
India,02-06-2019,Residential,0.284679,1559433600,0.285,0,1,0,-1.256393049
India,03-06-2019,Residential,0.292281,1559520000,0.292,0,1,0,-1.230039611
India,04-06-2019,Residential,0.294173,1559606400,0.294,0,1,0,-1.223587249
India,05-06-2019,Residential,0.290347,1559692800,0.29,0,1,0,-1.23667852
India,06-06-2019,Residential,0.301278,1559779200,0.301,0,1,0,-1.199721852
India,07-06-2019,Residential,0.292852,1559865600,0.293,0,1,0,-1.228087917
India,08-06-2019,Residential,0.289071,1559952000,0.289,0,1,0,-1.241082946
India,09-06-2019,Residential,0.28277,1560038400,0.283,0,1,0,-1.263121433
India,10-06-2019,Residential,0.279592,1560124800,0.28,0,1,0,-1.274423881
India,11-06-2019,Residential,0.291921,1560211200,0.292,0,1,0,-1.231272061
India,12-06-2019,Residential,0.299138,1560297600,0.299,0,1,0,-1.206850274
India,13-06-2019,Residential,0.288756,1560384000,0.289,0,1,0,-1.242173238
India,14-06-2019,Residential,0.281319,1560470400,0.281,0,1,0,-1.268266022
India,15-06-2019,Residential,0.286519,1560556800,0.287,0,1,0,-1.249950427
India,16-06-2019,Residential,0.284827,1560643200,0.285,0,1,0,-1.255873301
India,17-06-2019,Residential,0.294389,1560729600,0.294,0,1,0,-1.222853257
India,18-06-2019,Residential,0.29108,1560816000,0.291,0,1,0,-1.234157136
India,19-06-2019,Residential,0.28708,1560902400,0.287,0,1,0,-1.247994356
India,20-06-2019,Residential,0.294413,1560988800,0.294,0,1,0,-1.222771735
India,21-06-2019,Residential,0.28872,1561075200,0.289,0,1,0,-1.242297919
India,22-06-2019,Residential,0.282787,1561161600,0.283,0,1,0,-1.263061315
India,23-06-2019,Residential,0.286971,1561248000,0.287,0,1,0,-1.248374114
India,24-06-2019,Residential,0.293578,1561334400,0.294,0,1,0,-1.225611917
India,25-06-2019,Residential,0.281103,1561420800,0.281,0,1,0,-1.269034129
India,26-06-2019,Residential,0.282862,1561507200,0.283,0,1,0,-1.262796133
India,27-06-2019,Residential,0.28352,1561593600,0.284,0,1,0,-1.260472612
India,28-06-2019,Residential,0.280432,1561680000,0.28,0,1,0,-1.271424008
India,29-06-2019,Residential,0.276844,1561766400,0.277,0,1,0,-1.284301108
India,30-06-2019,Residential,0.277369,1561852800,0.277,0,1,0,-1.282406529
India,01-07-2019,Residential,0.273454,1561939200,0.273,0,1,0,-1.296621861
India,02-07-2019,Residential,0.266405,1562025600,0.266,0,1,0,-1.322737572
India,03-07-2019,Residential,0.261789,1562112000,0.262,0,1,0,-1.340216443
India,04-07-2019,Residential,0.264524,1562198400,0.265,0,1,0,-1.329823295
India,05-07-2019,Residential,0.262542,1562284800,0.263,0,1,0,-1.33734421
India,06-07-2019,Residential,0.264214,1562371200,0.264,0,1,0,-1.330995898
India,07-07-2019,Residential,0.261561,1562457600,0.262,0,1,0,-1.341087753
India,08-07-2019,Residential,0.260468,1562544000,0.26,0,1,0,-1.345275266
India,09-07-2019,Residential,0.262024,1562630400,0.262,0,1,0,-1.339319176
India,10-07-2019,Residential,0.260482,1562716800,0.26,0,1,0,-1.345221518
India,11-07-2019,Residential,0.262491,1562803200,0.262,0,1,0,-1.337538483
India,12-07-2019,Residential,0.261718,1562889600,0.262,0,1,0,-1.340487691
India,13-07-2019,Residential,0.26474,1562976000,0.265,0,1,0,-1.329007067
India,14-07-2019,Residential,0.266256,1563062400,0.266,0,1,0,-1.323297027
India,15-07-2019,Residential,0.266143,1563148800,0.266,0,1,0,-1.323721521
India,16-07-2019,Residential,0.265464,1563235200,0.265,0,1,0,-1.326276041
India,17-07-2019,Residential,0.261161,1563321600,0.261,0,1,0,-1.342618204
India,18-07-2019,Residential,0.263428,1563408000,0.263,0,1,0,-1.333975193
India,19-07-2019,Residential,0.26592,1563494400,0.266,0,1,0,-1.324559767
India,20-07-2019,Residential,0.261654,1563580800,0.262,0,1,0,-1.340732259
India,21-07-2019,Residential,0.260176,1563667200,0.26,0,1,0,-1.346396954
India,22-07-2019,Residential,0.260316,1563753600,0.26,0,1,0,-1.345859001
India,23-07-2019,Residential,0.258314,1563840000,0.258,0,1,0,-1.35357938
India,24-07-2019,Residential,0.258277,1563926400,0.258,0,1,0,-1.353722627
India,25-07-2019,Residential,0.26245,1564012800,0.262,0,1,0,-1.337694691
India,26-07-2019,Residential,0.261234,1564099200,0.261,0,1,0,-1.342338722
India,27-07-2019,Residential,0.264288,1564185600,0.264,0,1,0,-1.330715861
India,28-07-2019,Residential,0.264313,1564272000,0.264,0,1,0,-1.330621272
India,29-07-2019,Residential,0.258655,1564358400,0.259,0,1,0,-1.352260152
India,30-07-2019,Residential,0.258455,1564444800,0.258,0,1,0,-1.353033681
India,31-07-2019,Residential,0.259684,1564531200,0.26,0,1,0,-1.348289772
India,01-08-2019,Residential,0.263505,1564617600,0.264,0,1,0,-1.333682936
India,02-08-2019,Residential,0.261072,1564704000,0.261,0,1,0,-1.342959048
India,03-08-2019,Residential,0.259838,1564790400,0.26,0,1,0,-1.347696919
India,04-08-2019,Residential,0.258511,1564876800,0.259,0,1,0,-1.352817033
India,05-08-2019,Residential,0.258195,1564963200,0.258,0,1,0,-1.354040166
India,06-08-2019,Residential,0.25879,1565049600,0.259,0,1,0,-1.351738357
India,07-08-2019,Residential,0.259506,1565136000,0.26,0,1,0,-1.348975455
India,08-08-2019,Residential,0.257794,1565222400,0.258,0,1,0,-1.355594463
India,09-08-2019,Residential,0.260407,1565308800,0.26,0,1,0,-1.345509487
India,10-08-2019,Residential,0.260238,1565395200,0.26,0,1,0,-1.346158682
India,11-08-2019,Residential,0.259371,1565481600,0.259,0,1,0,-1.34949581
India,12-08-2019,Residential,0.258648,1565568000,0.259,0,1,0,-1.352287215
India,13-08-2019,Residential,0.259025,1565654400,0.259,0,1,0,-1.350830697
India,14-08-2019,Residential,0.260629,1565740800,0.261,0,1,0,-1.344657339
India,15-08-2019,Residential,0.259037,1565827200,0.259,0,1,0,-1.35078437
India,16-08-2019,Residential,0.261202,1565913600,0.261,0,1,0,-1.342461225
India,17-08-2019,Residential,0.274056,1566000000,0.274,0,1,0,-1.294422814
India,18-08-2019,Residential,0.266654,1566086400,0.267,0,1,0,-1.321803341
India,19-08-2019,Residential,0.274041,1566172800,0.274,0,1,0,-1.294477549
India,20-08-2019,Residential,0.272055,1566259200,0.272,0,1,0,-1.301751027
India,21-08-2019,Residential,0.267938,1566345600,0.268,0,1,0,-1.316999669
India,22-08-2019,Residential,0.265432,1566432000,0.265,0,1,0,-1.326396592
India,23-08-2019,Residential,0.263751,1566518400,0.264,0,1,0,-1.332749803
India,24-08-2019,Residential,0.262229,1566604800,0.262,0,1,0,-1.338537111
India,25-08-2019,Residential,0.261392,1566691200,0.261,0,1,0,-1.341734083
India,26-08-2019,Residential,0.262523,1566777600,0.263,0,1,0,-1.337416582
India,27-08-2019,Residential,0.261113,1566864000,0.261,0,1,0,-1.342802015
India,28-08-2019,Residential,0.26017,1566950400,0.26,0,1,0,-1.346420015
India,29-08-2019,Residential,0.259789,1567036800,0.26,0,1,0,-1.347885516
India,30-08-2019,Residential,0.262148,1567123200,0.262,0,1,0,-1.338846049
India,31-08-2019,Residential,0.261724,1567209600,0.262,0,1,0,-1.340464766
India,01-09-2019,Residential,0.269866,1567296000,0.27,0,1,0,-1.309829739
India,02-09-2019,Residential,0.268746,1567382400,0.269,0,1,0,-1.313988583
India,03-09-2019,Residential,0.268093,1567468800,0.268,0,1,0,-1.316421344
India,04-09-2019,Residential,0.268305,1567555200,0.268,0,1,0,-1.315630886
India,05-09-2019,Residential,0.269067,1567641600,0.269,0,1,0,-1.31279486
India,06-09-2019,Residential,0.26918,1567728000,0.269,0,1,0,-1.312374978
India,07-09-2019,Residential,0.273799,1567814400,0.274,0,1,0,-1.295361018
India,08-09-2019,Residential,0.27149,1567900800,0.271,0,1,0,-1.303829973
India,09-09-2019,Residential,0.27018,1567987200,0.27,0,1,0,-1.308666875
India,10-09-2019,Residential,0.270071,1568073600,0.27,0,1,0,-1.309070392
India,11-09-2019,Residential,0.270077,1568160000,0.27,0,1,0,-1.309048175
India,12-09-2019,Residential,0.270618,1568246400,0.271,0,1,0,-1.307047047
India,13-09-2019,Residential,0.273921,1568332800,0.274,0,1,0,-1.294915535
India,14-09-2019,Residential,0.273344,1568419200,0.273,0,1,0,-1.297024204
India,15-09-2019,Residential,0.273349,1568505600,0.273,0,1,0,-1.297005912
India,16-09-2019,Residential,0.281987,1568592000,0.282,0,1,0,-1.265894308
India,17-09-2019,Residential,0.285209,1568678400,0.285,0,1,0,-1.254533034
India,18-09-2019,Residential,0.28055,1568764800,0.281,0,1,0,-1.271003317
India,19-09-2019,Residential,0.279477,1568851200,0.279,0,1,0,-1.27483528
India,20-09-2019,Residential,0.284779,1568937600,0.285,0,1,0,-1.256041838
India,21-09-2019,Residential,0.286345,1569024000,0.286,0,1,0,-1.250557901
India,22-09-2019,Residential,0.283633,1569110400,0.284,0,1,0,-1.26007413
India,23-09-2019,Residential,0.276018,1569196800,0.276,0,1,0,-1.287289198
India,24-09-2019,Residential,0.27562,1569283200,0.276,0,1,0,-1.288732174
India,25-09-2019,Residential,0.275511,1569369600,0.276,0,1,0,-1.289127724
India,26-09-2019,Residential,0.275933,1569456000,0.276,0,1,0,-1.287597196
India,27-09-2019,Residential,0.279722,1569542400,0.28,0,1,0,-1.273959026
India,28-09-2019,Residential,0.289537,1569628800,0.29,0,1,0,-1.239472184
India,29-09-2019,Residential,0.292355,1569715200,0.292,0,1,0,-1.229786462
India,30-09-2019,Residential,0.290287,1569801600,0.29,0,1,0,-1.23688519
India,01-10-2019,Residential,0.2952,1569888000,0.295,0,1,0,-1.220102186
India,02-10-2019,Residential,0.293614,1569974400,0.294,0,1,0,-1.225489299
India,03-10-2019,Residential,0.300814,1570060800,0.301,0,1,0,-1.201263145
India,04-10-2019,Residential,0.315127,1570147200,0.315,0,1,0,-1.154779547
India,05-10-2019,Residential,0.305062,1570233600,0.305,0,1,0,-1.187240244
India,06-10-2019,Residential,0.300913,1570320000,0.301,0,1,0,-1.200934093
India,07-10-2019,Residential,0.315956,1570406400,0.316,0,1,0,-1.152152316
India,08-10-2019,Residential,0.309839,1570492800,0.31,0,1,0,-1.171702471
India,09-10-2019,Residential,0.313978,1570579200,0.314,0,1,0,-1.158432359
India,10-10-2019,Residential,0.310663,1570665600,0.311,0,1,0,-1.169046556
India,11-10-2019,Residential,0.308695,1570752000,0.309,0,1,0,-1.175401545
India,12-10-2019,Residential,0.308573,1570838400,0.309,0,1,0,-1.175796835
India,13-10-2019,Residential,0.302833,1570924800,0.303,0,1,0,-1.194573781
India,14-10-2019,Residential,0.299745,1571011200,0.3,0,1,0,-1.204823166
India,15-10-2019,Residential,0.30113,1571097600,0.301,0,1,0,-1.200213214
India,16-10-2019,Residential,0.300793,1571184000,0.301,0,1,0,-1.201332958
India,17-10-2019,Residential,0.31079,1571270400,0.311,0,1,0,-1.168637836
India,18-10-2019,Residential,0.330502,1571356800,0.331,0,1,0,-1.107142568
India,19-10-2019,Residential,0.33177,1571443200,0.332,0,1,0,-1.103313321
India,20-10-2019,Residential,0.330974,1571529600,0.331,0,1,0,-1.105715457
India,21-10-2019,Residential,0.332799,1571616000,0.333,0,1,0,-1.100216575
India,22-10-2019,Residential,0.326574,1571702400,0.327,0,1,0,-1.11909871
India,23-10-2019,Residential,0.331126,1571788800,0.331,0,1,0,-1.105256311
India,24-10-2019,Residential,0.34,1571875200,0.34,0,1,0,-1.078809661
India,25-10-2019,Residential,0.339977,1571961600,0.34,0,1,0,-1.078877311
India,26-10-2019,Residential,0.338579,1572048000,0.339,0,1,0,-1.082997831
India,27-10-2019,Residential,0.329772,1572134400,0.33,0,1,0,-1.109353772
India,28-10-2019,Residential,0.323918,1572220800,0.324,0,1,0,-1.127264882
India,29-10-2019,Residential,0.323126,1572307200,0.323,0,1,0,-1.129712939
India,30-10-2019,Residential,0.330048,1572393600,0.33,0,1,0,-1.108517181
India,31-10-2019,Residential,0.333258,1572480000,0.333,0,1,0,-1.098838314
India,01-11-2019,Residential,0.338796,1572566400,0.339,0,1,0,-1.082357123
India,02-11-2019,Residential,0.339163,1572652800,0.339,0,1,0,-1.081274461
India,03-11-2019,Residential,0.351033,1572739200,0.351,0,1,0,-1.046875043
India,04-11-2019,Residential,0.358806,1572825600,0.359,0,1,0,-1.024973427
India,05-11-2019,Residential,0.352112,1572912000,0.352,0,1,0,-1.043805972
India,06-11-2019,Residential,0.372864,1572998400,0.373,0,1,0,-0.986541537
India,07-11-2019,Residential,0.411719,1573084800,0.412,0,1,0,-0.887414201
India,08-11-2019,Residential,0.397589,1573171200,0.398,0,1,0,-0.922336471
India,09-11-2019,Residential,0.400941,1573257600,0.401,0,1,0,-0.913940995
India,10-11-2019,Residential,0.401778,1573344000,0.402,0,1,0,-0.911855582
India,11-11-2019,Residential,0.39849,1573430400,0.398,0,1,0,-0.920072875
India,12-11-2019,Residential,0.385815,1573516800,0.386,0,1,0,-0.952397299
India,13-11-2019,Residential,0.371672,1573603200,0.372,0,1,0,-0.989743534
India,14-11-2019,Residential,0.370701,1573689600,0.371,0,1,0,-0.992359471
India,15-11-2019,Residential,0.371746,1573776000,0.372,0,1,0,-0.989544454
India,16-11-2019,Residential,0.381789,1573862400,0.382,0,1,0,-0.962887179
India,17-11-2019,Residential,0.389735,1573948800,0.39,0,1,0,-0.942288258
India,18-11-2019,Residential,0.400592,1574035200,0.401,0,1,0,-0.914811826
India,19-11-2019,Residential,0.40278,1574121600,0.403,0,1,0,-0.909364772
India,20-11-2019,Residential,0.405593,1574208000,0.406,0,1,0,-0.902405085
India,21-11-2019,Residential,0.403098,1574294400,0.403,0,1,0,-0.90857557
India,22-11-2019,Residential,0.402208,1574380800,0.402,0,1,0,-0.910785911
India,23-11-2019,Residential,0.394242,1574467200,0.394,0,1,0,-0.930790345
India,24-11-2019,Residential,0.401725,1574553600,0.402,0,1,0,-0.911987504
India,25-11-2019,Residential,0.417601,1574640000,0.418,0,1,0,-0.873228848
India,26-11-2019,Residential,0.414189,1574726400,0.414,0,1,0,-0.881432888
India,27-11-2019,Residential,0.426111,1574812800,0.426,0,1,0,-0.853055403
India,28-11-2019,Residential,0.469024,1574899200,0.469,0,1,0,-0.757101339
India,29-11-2019,Residential,0.502268,1574985600,0.502,0,1,0,-0.688621437
India,30-11-2019,Residential,0.576561,1575072000,0.577,0,1,0,-0.550674134
India,01-12-2019,Residential,0.647593,1575158400,0.648,0,1,0,-0.434492866
India,02-12-2019,Residential,0.763742,1575244800,0.764,0,1,0,-0.269525243
India,03-12-2019,Residential,0.852605,1575331200,0.853,0,1,0,-0.15945891
India,04-12-2019,Residential,0.898948,1575417600,0.899,0,1,0,-0.106530088
India,05-12-2019,Residential,0.853978,1575504000,0.854,0,1,0,-0.157849847
India,06-12-2019,Residential,0.752071,1575590400,0.752,0,1,0,-0.284924545
India,07-12-2019,Residential,0.737486,1575676800,0.737,0,1,0,-0.304508174
India,08-12-2019,Residential,0.7841,1575763200,0.784,0,1,0,-0.243218716
India,09-12-2019,Residential,0.82143,1575849600,0.821,0,1,0,-0.196708555
India,10-12-2019,Residential,0.881711,1575936000,0.882,0,1,0,-0.125890941
India,11-12-2019,Residential,0.726748,1576022400,0.727,0,1,0,-0.319175492
India,12-12-2019,Residential,0.717736,1576108800,0.718,0,1,0,-0.331653466
India,13-12-2019,Residential,0.982224,1576195200,0.982,0,1,0,-0.017935891
India,14-12-2019,Residential,0.988092,1576281600,0.988,0,1,0,-0.011979468
India,15-12-2019,Residential,1.13758,1576368000,1.138,0,1,0,0.128903199
India,16-12-2019,Residential,1.41457,1576454400,1.415,0,1,0,0.346825598
India,17-12-2019,Residential,1.85919,1576540800,1.859,0,1,0,0.620140909
India,18-12-2019,Residential,2.16711,1576627200,2.167,0,1,0,0.773394483
India,19-12-2019,Residential,2.21269,1576713600,2.213,0,1,0,0.79420897
India,20-12-2019,Residential,1.933,1576800000,1.933,0,1,0,0.6590732
India,21-12-2019,Residential,1.6933,1576886400,1.693,0,1,0,0.526679288
India,22-12-2019,Residential,1.63973,1576972800,1.64,0,1,0,0.494531594
India,23-12-2019,Residential,1.88092,1577059200,1.881,0,1,0,0.631761019
India,24-12-2019,Residential,2.08339,1577145600,2.083,0,1,0,0.733996375
India,25-12-2019,Residential,2.28963,1577232000,2.29,0,1,0,0.828390232
India,26-12-2019,Residential,2.75472,1577318400,2.755,0,1,0,1.013315804
India,27-12-2019,Residential,3.04819,1577404800,3.048,0,1,0,1.114547972
India,28-12-2019,Residential,3.25645,1577491200,3.256,0,1,0,1.180637645
India,29-12-2019,Residential,3.20661,1577577600,3.207,0,1,0,1.165214304
India,30-12-2019,Residential,3.25651,1577664000,3.257,0,1,0,1.18065607
India,31-12-2019,Residential,2.7167,1577750400,2.717,0,1,0,0.999417908
India,01-01-2020,Residential,1.94958,1577836800,1.95,0,1,0,0.667613965
India,02-01-2020,Residential,1.27129,1577923200,1.271,0,1,0,0.240032133
India,03-01-2020,Residential,1.35679,1578009600,1.357,0,1,0,0.305121616
India,04-01-2020,Residential,1.55666,1578096000,1.557,0,1,0,0.4425425
India,05-01-2020,Residential,1.73143,1578182400,1.731,0,1,0,0.548947657
India,06-01-2020,Residential,1.6355,1578268800,1.636,0,1,0,0.491948568
India,07-01-2020,Residential,1.42109,1578355200,1.421,0,1,0,0.351424183
India,08-01-2020,Residential,1.55735,1578441600,1.557,0,1,0,0.442985659
India,09-01-2020,Residential,2.01431,1578528000,2.014,0,1,0,0.700276705
India,10-01-2020,Residential,2.38445,1578614400,2.384,0,1,0,0.86896849
India,11-01-2020,Residential,2.24731,1578700800,2.247,0,1,0,0.809733945
India,12-01-2020,Residential,1.85443,1578787200,1.854,0,1,0,0.617577371
India,13-01-2020,Residential,1.6801,1578873600,1.68,0,1,0,0.518853315
India,14-01-2020,Residential,1.66294,1578960000,1.663,0,1,0,0.50858712
India,15-01-2020,Residential,1.42726,1579046400,1.427,0,1,0,0.355756522
India,16-01-2020,Residential,1.30729,1579132800,1.307,0,1,0,0.267956292
India,17-01-2020,Residential,1.38158,1579219200,1.382,0,1,0,0.323227772
India,18-01-2020,Residential,1.43139,1579305600,1.431,0,1,0,0.358646
India,19-01-2020,Residential,1.7944,1579392000,1.794,0,1,0,0.584670704
India,20-01-2020,Residential,1.88269,1579478400,1.883,0,1,0,0.632701605
India,21-01-2020,Residential,1.71534,1579564800,1.715,0,1,0,0.539611312
India,22-01-2020,Residential,1.62395,1579651200,1.624,0,1,0,0.484861453
India,23-01-2020,Residential,1.65961,1579737600,1.66,0,1,0,0.506582635
India,24-01-2020,Residential,1.86222,1579824000,1.862,0,1,0,0.621769324
India,25-01-2020,Residential,1.75587,1579910400,1.756,0,1,0,0.562964461
India,26-01-2020,Residential,1.49358,1579996800,1.494,0,1,0,0.401175923
India,27-01-2020,Residential,1.19764,1580083200,1.198,0,1,0,0.180352954
India,28-01-2020,Residential,0.972236,1580169600,0.972,0,1,0,-0.028156706
India,29-01-2020,Residential,1.06406,1580256000,1.064,0,1,0,0.06209178
India,30-01-2020,Residential,1.30576,1580342400,1.306,0,1,0,0.266785247
India,31-01-2020,Residential,1.64617,1580428800,1.646,0,1,0,0.498451378
India,01-02-2020,Residential,1.56478,1580515200,1.565,0,1,0,0.447745239
India,02-02-2020,Residential,1.7287,1580601600,1.729,0,1,0,0.547369681
India,03-02-2020,Residential,1.64598,1580688000,1.646,0,1,0,0.498335952
India,04-02-2020,Residential,1.39146,1580774400,1.391,0,1,0,0.330353556
India,05-02-2020,Residential,1.31616,1580860800,1.316,0,1,0,0.274718406
India,06-02-2020,Residential,1.43601,1580947200,1.436,0,1,0,0.361868434
India,07-02-2020,Residential,1.43116,1581033600,1.431,0,1,0,0.358485304
India,08-02-2020,Residential,1.44298,1581120000,1.443,0,1,0,0.36671042
India,09-02-2020,Residential,1.37707,1581206400,1.377,0,1,0,0.319958054
India,10-02-2020,Residential,1.24121,1581292800,1.241,0,1,0,0.21608671
India,11-02-2020,Residential,1.07347,1581379200,1.073,0,1,0,0.070896392
India,12-02-2020,Residential,0.728988,1581465600,0.729,0,1,0,-0.316098008
India,13-02-2020,Residential,0.445168,1581552000,0.445,0,1,0,-0.80930354
India,14-02-2020,Residential,0.492666,1581638400,0.493,0,1,0,-0.707923819
India,15-02-2020,Residential,0.563417,1581724800,0.563,0,1,0,-0.57373525
India,16-02-2020,Residential,0.533503,1581811200,0.534,0,1,0,-0.628290585
India,17-02-2020,Residential,0.503329,1581897600,0.503,0,1,0,-0.686511247
India,18-02-2020,Residential,0.511177,1581984000,0.511,0,1,0,-0.671039369
India,19-02-2020,Residential,0.435621,1582070400,0.436,0,1,0,-0.83098268
India,20-02-2020,Residential,0.433937,1582156800,0.434,0,1,0,-0.834855917
India,21-02-2020,Residential,0.554067,1582243200,0.554,0,1,0,-0.590469661
India,22-02-2020,Residential,0.443913,1582329600,0.444,0,1,0,-0.812126682
India,23-02-2020,Residential,0.441088,1582416000,0.441,0,1,0,-0.818510877
India,24-02-2020,Residential,0.435619,1582502400,0.436,0,1,0,-0.830987271
India,25-02-2020,Residential,0.478508,1582588800,0.479,0,1,0,-0.737082349
India,26-02-2020,Residential,0.473656,1582675200,0.474,0,1,0,-0.747273959
India,27-02-2020,Residential,0.426095,1582761600,0.426,0,1,0,-0.853092953
India,28-02-2020,Residential,0.415298,1582848000,0.415,0,1,0,-0.878758944
India,29-02-2020,Residential,0.437044,1582934400,0.437,0,1,0,-0.827721402
India,01-03-2020,Residential,0.394536,1583020800,0.395,1,1,1,-0.930044888
India,02-03-2020,Residential,0.391758,1583107200,0.392,1,1,1,-0.937110977
India,03-03-2020,Residential,0.39488,1583193600,0.395,1,1,1,-0.929173358
India,04-03-2020,Residential,0.39403,1583280000,0.394,1,1,1,-0.93132823
India,05-03-2020,Residential,0.430395,1583366400,0.43,1,1,1,-0.843051887
India,06-03-2020,Residential,0.650625,1583452800,0.651,1,1,1,-0.42982184
India,07-03-2020,Residential,0.60713,1583539200,0.607,1,1,1,-0.499012343
India,08-03-2020,Residential,0.445431,1583625600,0.445,1,1,1,-0.808712926
India,09-03-2020,Residential,0.421464,1583712000,0.421,1,1,1,-0.864020914
India,10-03-2020,Residential,0.397645,1583798400,0.398,1,1,1,-0.922195632
India,11-03-2020,Residential,0.425903,1583884800,0.426,1,1,1,-0.853543658
India,12-03-2020,Residential,0.409252,1583971200,0.409,1,1,1,-0.893424176
India,13-03-2020,Residential,0.429249,1584057600,0.429,1,1,1,-0.845718109
India,14-03-2020,Residential,0.520573,1584144000,0.521,1,1,1,-0.652825151
India,15-03-2020,Residential,0.435731,1584230400,0.436,1,1,1,-0.830730199
India,16-03-2020,Residential,0.382626,1584316800,0.383,1,1,1,-0.960697268
India,17-03-2020,Residential,0.374738,1584403200,0.375,1,1,1,-0.981528164
India,18-03-2020,Residential,0.374289,1584489600,0.374,1,1,1,-0.982727053
India,19-03-2020,Residential,0.371013,1584576000,0.371,1,1,1,-0.991518177
India,20-03-2020,Residential,0.366366,1584662400,0.366,1,1,1,-1.004122445
India,21-03-2020,Residential,0.378461,1584748800,0.378,1,1,1,-0.97164225
India,22-03-2020,Residential,0.374047,1584835200,0.374,1,1,1,-0.983373821
India,23-03-2020,Residential,0.352683,1584921600,0.353,1,1,1,-1.042185643
India,24-03-2020,Residential,0.373412,1585008000,0.373,1,0,0,-0.985072911
India,25-03-2020,Residential,0.361457,1585094400,0.361,1,0,0,-1.017612193
India,26-03-2020,Residential,0.34197,1585180800,0.342,1,0,0,-1.073032265
India,27-03-2020,Residential,0.37769,1585267200,0.378,1,0,0,-0.973681526
India,28-03-2020,Residential,0.365881,1585353600,0.366,1,0,0,-1.005447135
India,29-03-2020,Residential,0.360684,1585440000,0.361,1,0,0,-1.01975305
India,30-03-2020,Residential,0.351827,1585526400,0.352,1,0,0,-1.044615701
India,31-03-2020,Residential,0.351337,1585612800,0.351,1,0,0,-1.046009402
India,01-04-2020,Residential,0.360506,1585699200,0.361,1,0,0,-1.020246679
India,02-04-2020,Residential,0.379141,1585785600,0.379,1,0,0,-0.969847111
India,03-04-2020,Residential,0.36575,1585872000,0.366,1,0,0,-1.005805239
India,04-04-2020,Residential,0.353856,1585958400,0.354,1,0,0,-1.038865228
India,05-04-2020,Residential,0.356039,1586044800,0.356,1,0,0,-1.032715004
India,06-04-2020,Residential,0.354181,1586131200,0.354,1,0,0,-1.037947197
India,07-04-2020,Residential,0.367834,1586217600,0.368,1,0,0,-1.00012353
India,08-04-2020,Residential,0.358066,1586304000,0.358,1,0,0,-1.027037952
India,09-04-2020,Residential,0.34698,1586390400,0.347,1,0,0,-1.058488138
India,10-04-2020,Residential,0.344361,1586476800,0.344,1,0,0,-1.066064753
India,11-04-2020,Residential,0.332705,1586563200,0.333,1,0,0,-1.100499068
India,12-04-2020,Residential,0.321074,1586649600,0.321,1,0,0,-1.136083653
India,13-04-2020,Residential,0.316387,1586736000,0.316,1,0,0,-1.150789131
India,14-04-2020,Residential,0.316248,1586822400,0.316,1,0,0,-1.151228563
India,15-04-2020,Residential,0.329394,1586908800,0.329,1,0,0,-1.110500676
India,16-04-2020,Residential,0.325061,1586995200,0.325,1,0,0,-1.123742422
India,17-04-2020,Residential,0.345542,1587081600,0.346,1,0,0,-1.06264108
India,18-04-2020,Residential,0.347819,1587168000,0.348,1,0,0,-1.056073049
India,19-04-2020,Residential,0.343517,1587254400,0.344,1,0,0,-1.068518678
India,20-04-2020,Residential,0.345956,1587340800,0.346,1,0,0,-1.06144368
India,21-04-2020,Residential,0.34518,1587427200,0.345,1,0,0,-1.063689259
India,22-04-2020,Residential,0.336187,1587513600,0.336,1,0,0,-1.090087726
India,23-04-2020,Residential,0.329123,1587600000,0.329,1,0,0,-1.111323738
India,24-04-2020,Residential,0.328636,1587686400,0.329,1,0,0,-1.112804524
India,25-04-2020,Residential,0.327723,1587772800,0.328,1,0,0,-1.11558654
India,26-04-2020,Residential,0.325224,1587859200,0.325,1,0,0,-1.123241103
India,27-04-2020,Residential,0.33205,1587945600,0.332,1,0,0,-1.102469719
India,28-04-2020,Residential,0.321449,1588032000,0.321,1,0,0,-1.134916379
India,29-04-2020,Residential,0.307635,1588118400,0.308,1,0,0,-1.178841264
India,30-04-2020,Residential,0.305371,1588204800,0.305,1,0,0,-1.186227848
India,01-05-2020,Residential,0.291079,1588291200,0.291,1,0,0,-1.234160571
India,02-05-2020,Residential,0.303113,1588377600,0.303,1,0,0,-1.193649606
India,03-05-2020,Residential,0.311378,1588464000,0.311,1,0,0,-1.166747671
India,04-05-2020,Residential,0.308168,1588550400,0.308,1,0,0,-1.17711019
India,05-05-2020,Residential,0.31145,1588636800,0.311,1,0,0,-1.166516467
India,06-05-2020,Residential,0.318434,1588723200,0.318,1,0,0,-1.144340047
India,07-05-2020,Residential,0.310567,1588809600,0.311,1,0,0,-1.16935562
India,08-05-2020,Residential,0.295809,1588896000,0.296,1,0,0,-1.218041303
India,09-05-2020,Residential,0.290784,1588982400,0.291,1,0,0,-1.235174555
India,10-05-2020,Residential,0.304586,1589068800,0.305,1,0,0,-1.188801801
India,11-05-2020,Residential,0.305411,1589155200,0.305,1,0,0,-1.186096869
India,12-05-2020,Residential,0.298305,1589241600,0.298,1,0,0,-1.209638826
India,13-05-2020,Residential,0.296081,1589328000,0.296,1,0,0,-1.217122213
India,14-05-2020,Residential,0.316255,1589414400,0.316,1,0,0,-1.151206429
India,15-05-2020,Residential,0.2996,1589500800,0.3,1,0,0,-1.205307027
India,16-05-2020,Residential,0.291502,1589587200,0.292,1,0,0,-1.232708412
India,17-05-2020,Residential,0.291087,1589673600,0.291,1,0,0,-1.234133087
India,18-05-2020,Residential,0.303741,1589760000,0.304,1,0,0,-1.191579914
India,19-05-2020,Residential,0.302894,1589846400,0.303,1,0,0,-1.19437237
India,20-05-2020,Residential,0.289492,1589932800,0.289,1,0,0,-1.239627616
India,21-05-2020,Residential,0.278193,1590019200,0.278,1,0,0,-1.279440162
India,22-05-2020,Residential,0.275458,1590105600,0.275,1,0,0,-1.289320112
India,23-05-2020,Residential,0.288131,1590192000,0.288,1,0,0,-1.244340041
India,24-05-2020,Residential,0.283377,1590278400,0.283,1,0,0,-1.260977112
India,25-05-2020,Residential,0.275607,1590364800,0.276,1,0,0,-1.288779341
India,26-05-2020,Residential,0.273875,1590451200,0.274,1,0,0,-1.295083481
India,27-05-2020,Residential,0.274866,1590537600,0.275,1,0,0,-1.291471573
India,28-05-2020,Residential,0.286116,1590624000,0.286,1,0,0,-1.251357956
India,29-05-2020,Residential,0.287833,1590710400,0.288,1,0,0,-1.245374828
India,30-05-2020,Residential,0.298138,1590796800,0.298,1,0,0,-1.210198812
India,31-05-2020,Residential,0.302636,1590883200,0.303,1,0,0,-1.195224516
India,01-06-2020,Residential,0.306385,1590969600,0.306,1,1,1,-1.182912798
India,02-06-2020,Residential,0.302993,1591056000,0.303,1,1,1,-1.194045576
India,03-06-2020,Residential,0.301345,1591142400,0.301,1,1,1,-1.199499491
India,04-06-2020,Residential,0.29356,1591228800,0.294,1,1,1,-1.225673231
India,05-06-2020,Residential,0.294051,1591315200,0.294,1,1,1,-1.224002057
India,06-06-2020,Residential,0.291795,1591401600,0.292,1,1,1,-1.231703778
India,07-06-2020,Residential,0.284832,1591488000,0.285,1,1,1,-1.255855746
India,08-06-2020,Residential,0.282903,1591574400,0.283,1,1,1,-1.262651196
India,09-06-2020,Residential,0.283585,1591660800,0.284,1,1,1,-1.260243377
India,10-06-2020,Residential,0.282083,1591747200,0.282,1,1,1,-1.265553925
India,11-06-2020,Residential,0.285492,1591833600,0.285,1,1,1,-1.253541271
India,12-06-2020,Residential,0.287021,1591920000,0.287,1,1,1,-1.248199895
India,13-06-2020,Residential,0.286389,1592006400,0.286,1,1,1,-1.250404252
India,14-06-2020,Residential,0.278126,1592092800,0.278,1,1,1,-1.279681031
India,15-06-2020,Residential,0.277871,1592179200,0.278,1,1,1,-1.280598302
India,16-06-2020,Residential,0.275249,1592265600,0.275,1,1,1,-1.290079136
India,17-06-2020,Residential,0.273929,1592352000,0.274,1,1,1,-1.29488633
India,18-06-2020,Residential,0.274258,1592438400,0.274,1,1,1,-1.29368601
India,19-06-2020,Residential,0.277999,1592524800,0.278,1,1,1,-1.280137762
India,20-06-2020,Residential,0.27629,1592611200,0.276,1,1,1,-1.28630424
India,21-06-2020,Residential,0.278231,1592697600,0.278,1,1,1,-1.279303575
India,22-06-2020,Residential,0.270248,1592784000,0.27,1,1,1,-1.308415223
India,23-06-2020,Residential,0.269884,1592870400,0.27,1,1,1,-1.309763042
India,24-06-2020,Residential,0.271073,1592956800,0.271,1,1,1,-1.305367122
India,25-06-2020,Residential,0.272778,1593043200,0.273,1,1,1,-1.299097001
India,26-06-2020,Residential,0.272152,1593129600,0.272,1,1,1,-1.301394545
India,27-06-2020,Residential,0.270159,1593216000,0.27,1,1,1,-1.308744604
India,28-06-2020,Residential,0.274974,1593302400,0.275,1,1,1,-1.291078731
India,29-06-2020,Residential,0.276557,1593388800,0.277,1,1,1,-1.285338331
India,30-06-2020,Residential,0.269819,1593475200,0.27,1,1,1,-1.310003915
India,01-07-2020,Residential,0.260906,1593561600,0.261,1,1,1,-1.34359509
India,02-07-2020,Residential,0.260255,1593648000,0.26,1,1,1,-1.346093359
India,03-07-2020,Residential,0.26021,1593734400,0.26,1,1,1,-1.346266282
India,04-07-2020,Residential,0.262773,1593820800,0.263,1,1,1,-1.336464737
India,05-07-2020,Residential,0.265465,1593907200,0.265,1,1,1,-1.326272274
India,06-07-2020,Residential,0.2642,1593993600,0.264,1,1,1,-1.331048887
India,07-07-2020,Residential,0.261241,1594080000,0.261,1,1,1,-1.342311926
India,08-07-2020,Residential,0.25964,1594166400,0.26,1,1,1,-1.348459223
India,09-07-2020,Residential,0.259755,1594252800,0.26,1,1,1,-1.3480164
India,10-07-2020,Residential,0.262554,1594339200,0.263,1,1,1,-1.337298504
India,11-07-2020,Residential,0.264809,1594425600,0.265,1,1,1,-1.328746468
India,12-07-2020,Residential,0.267656,1594512000,0.268,1,1,1,-1.318052705
India,13-07-2020,Residential,0.262826,1594598400,0.263,1,1,1,-1.336263063
India,14-07-2020,Residential,0.261166,1594684800,0.261,1,1,1,-1.342599059
India,15-07-2020,Residential,0.260102,1594771200,0.26,1,1,1,-1.346681417
India,16-07-2020,Residential,0.260407,1594857600,0.26,1,1,1,-1.345509487
India,17-07-2020,Residential,0.260536,1594944000,0.261,1,1,1,-1.345014232
India,18-07-2020,Residential,0.258608,1595030400,0.259,1,1,1,-1.352441877
India,19-07-2020,Residential,0.262635,1595116800,0.263,1,1,1,-1.336990043
India,20-07-2020,Residential,0.26373,1595203200,0.264,1,1,1,-1.332829426
India,21-07-2020,Residential,0.276181,1595289600,0.276,1,1,1,-1.286698831
India,22-07-2020,Residential,0.26867,1595376000,0.269,1,1,1,-1.314271418
India,23-07-2020,Residential,0.262338,1595462400,0.262,1,1,1,-1.33812153
India,24-07-2020,Residential,0.259034,1595548800,0.259,1,1,1,-1.350795952
India,25-07-2020,Residential,0.259474,1595635200,0.259,1,1,1,-1.349098774
India,26-07-2020,Residential,0.258351,1595721600,0.258,1,1,1,-1.353436154
India,27-07-2020,Residential,0.258234,1595808000,0.258,1,1,1,-1.353889128
India,28-07-2020,Residential,0.259078,1595894400,0.259,1,1,1,-1.350626104
India,29-07-2020,Residential,0.260227,1595980800,0.26,1,1,1,-1.346200952
India,30-07-2020,Residential,0.258863,1596067200,0.259,1,1,1,-1.351456315
India,31-07-2020,Residential,0.259135,1596153600,0.259,1,1,1,-1.350406118
India,01-08-2020,Residential,0.261415,1596240000,0.261,1,1,1,-1.341646096
India,02-08-2020,Residential,0.258554,1596326400,0.259,1,1,1,-1.352650709
India,03-08-2020,Residential,0.259525,1596412800,0.26,1,1,1,-1.348902242
India,04-08-2020,Residential,0.259185,1596499200,0.259,1,1,1,-1.350213187
India,05-08-2020,Residential,0.258892,1596585600,0.259,1,1,1,-1.351344293
India,06-08-2020,Residential,0.256948,1596672000,0.257,1,1,1,-1.358881549
India,07-08-2020,Residential,0.256358,1596758400,0.256,1,1,1,-1.361180374
India,08-08-2020,Residential,0.255773,1596844800,0.256,1,1,1,-1.363464947
India,09-08-2020,Residential,0.258463,1596931200,0.258,1,1,1,-1.353002729
India,10-08-2020,Residential,0.257654,1597017600,0.258,1,1,1,-1.356137679
India,11-08-2020,Residential,0.256682,1597104000,0.257,1,1,1,-1.359917314
India,12-08-2020,Residential,0.256359,1597190400,0.256,1,1,1,-1.361176473
India,13-08-2020,Residential,0.25703,1597276800,0.257,1,1,1,-1.358562469
India,14-08-2020,Residential,0.256717,1597363200,0.257,1,1,1,-1.359780968
India,15-08-2020,Residential,0.256833,1597449600,0.257,1,1,1,-1.359329211
India,16-08-2020,Residential,0.256159,1597536000,0.256,1,1,1,-1.361956934
India,17-08-2020,Residential,0.256107,1597622400,0.256,1,1,1,-1.362159953
India,18-08-2020,Residential,0.257026,1597708800,0.257,1,1,1,-1.358578032
India,19-08-2020,Residential,0.259756,1597795200,0.26,1,1,1,-1.34801255
India,20-08-2020,Residential,0.263555,1597881600,0.264,1,1,1,-1.333493204
India,21-08-2020,Residential,0.26727,1597968000,0.267,1,1,1,-1.319495896
India,22-08-2020,Residential,0.260347,1598054400,0.26,1,1,1,-1.345739922
India,23-08-2020,Residential,0.257693,1598140800,0.258,1,1,1,-1.355986325
India,24-08-2020,Residential,0.256555,1598227200,0.257,1,1,1,-1.360412212
India,25-08-2020,Residential,0.257363,1598313600,0.257,1,1,1,-1.357267739
India,26-08-2020,Residential,0.263381,1598400000,0.263,1,1,1,-1.334153626
India,27-08-2020,Residential,0.274078,1598486400,0.274,1,1,1,-1.294342542
India,28-08-2020,Residential,0.270315,1598572800,0.27,1,1,1,-1.308167333
India,29-08-2020,Residential,0.264457,1598659200,0.264,1,1,1,-1.330076612
India,30-08-2020,Residential,0.262849,1598745600,0.263,1,1,1,-1.336175556
India,31-08-2020,Residential,0.265466,1598832000,0.265,1,1,1,-1.326268507
India,01-09-2020,Residential,0.270159,1598918400,0.27,1,1,1,-1.308744604
India,02-09-2020,Residential,0.268527,1599004800,0.269,1,1,1,-1.314803811
India,03-09-2020,Residential,0.2712,1599091200,0.271,1,1,1,-1.304898723
India,04-09-2020,Residential,0.278729,1599177600,0.279,1,1,1,-1.277515295
India,05-09-2020,Residential,0.273446,1599264000,0.273,1,1,1,-1.296651117
India,06-09-2020,Residential,0.27795,1599350400,0.278,1,1,1,-1.280314038
India,07-09-2020,Residential,0.279482,1599436800,0.279,1,1,1,-1.274817389
India,08-09-2020,Residential,0.277119,1599523200,0.277,1,1,1,-1.283308262
India,09-09-2020,Residential,0.275413,1599609600,0.275,1,1,1,-1.28948349
India,10-09-2020,Residential,0.275599,1599696000,0.276,1,1,1,-1.288808368
India,11-09-2020,Residential,0.277155,1599782400,0.277,1,1,1,-1.283178363
India,12-09-2020,Residential,0.274935,1599868800,0.275,1,1,1,-1.291220573
India,13-09-2020,Residential,0.274152,1599955200,0.274,1,1,1,-1.294072582
India,14-09-2020,Residential,0.275165,1600041600,0.275,1,1,1,-1.290384361
India,15-09-2020,Residential,0.275738,1600128000,0.276,1,1,1,-1.288304139
India,16-09-2020,Residential,0.276969,1600214400,0.277,1,1,1,-1.283849692
India,17-09-2020,Residential,0.276586,1600300800,0.277,1,1,1,-1.285233476
India,18-09-2020,Residential,0.27709,1600387200,0.277,1,1,1,-1.283412916
India,19-09-2020,Residential,0.279095,1600473600,0.279,1,1,1,-1.276203053
India,20-09-2020,Residential,0.27781,1600560000,0.278,1,1,1,-1.280817852
India,21-09-2020,Residential,0.275042,1600646400,0.275,1,1,1,-1.290831466
India,22-09-2020,Residential,0.277426,1600732800,0.277,1,1,1,-1.282201048
India,23-09-2020,Residential,0.279619,1600819200,0.28,1,1,1,-1.274327317
India,24-09-2020,Residential,0.281379,1600905600,0.281,1,1,1,-1.268052764
India,25-09-2020,Residential,0.287097,1600992000,0.287,1,1,1,-1.247935141
India,26-09-2020,Residential,0.299482,1601078400,0.299,1,1,1,-1.205700963
India,27-09-2020,Residential,0.299742,1601164800,0.3,1,1,1,-1.204833174
India,28-09-2020,Residential,0.297256,1601251200,0.297,1,1,1,-1.213161559
India,29-09-2020,Residential,0.296671,1601337600,0.297,1,1,1,-1.215131498
India,30-09-2020,Residential,0.296283,1601424000,0.296,1,1,1,-1.2164402
India,01-10-2020,Residential,0.286131,1601510400,0.286,1,1,1,-1.251305531
India,02-10-2020,Residential,0.284137,1601596800,0.284,1,1,1,-1.258298763
India,03-10-2020,Residential,0.285173,1601683200,0.285,1,1,1,-1.254659265
India,04-10-2020,Residential,0.287262,1601769600,0.287,1,1,1,-1.247360588
India,05-10-2020,Residential,0.287937,1601856000,0.288,1,1,1,-1.245013573
India,06-10-2020,Residential,0.286083,1601942400,0.286,1,1,1,-1.2514733
India,07-10-2020,Residential,0.286144,1602028800,0.286,1,1,1,-1.251260098
India,08-10-2020,Residential,0.286751,1602115200,0.287,1,1,1,-1.249141036
India,09-10-2020,Residential,0.28894,1602201600,0.289,1,1,1,-1.241536225
India,10-10-2020,Residential,0.288604,1602288000,0.289,1,1,1,-1.242699773
India,11-10-2020,Residential,0.288452,1602374400,0.288,1,1,1,-1.243226585
India,12-10-2020,Residential,0.290894,1602460800,0.291,1,1,1,-1.234796339
India,13-10-2020,Residential,0.296891,1602547200,0.297,1,1,1,-1.214390211
India,14-10-2020,Residential,0.296438,1602633600,0.296,1,1,1,-1.215917189
India,15-10-2020,Residential,0.296536,1602720000,0.297,1,1,1,-1.215586651
India,16-10-2020,Residential,0.29603,1602806400,0.296,1,1,1,-1.217294478
India,17-10-2020,Residential,0.296404,1602892800,0.296,1,1,1,-1.21603189
India,18-10-2020,Residential,0.299479,1602979200,0.299,1,1,1,-1.205710981
India,19-10-2020,Residential,0.300839,1603065600,0.301,1,1,1,-1.201180041
India,20-10-2020,Residential,0.305525,1603152000,0.306,1,1,1,-1.185723671
India,21-10-2020,Residential,0.314903,1603238400,0.315,1,1,1,-1.155490624
India,22-10-2020,Residential,0.321386,1603324800,0.321,1,1,1,-1.135112386
India,23-10-2020,Residential,0.324558,1603411200,0.325,1,1,1,-1.125291022
India,24-10-2020,Residential,0.324459,1603497600,0.324,1,1,1,-1.125596099
India,25-10-2020,Residential,0.334035,1603584000,0.334,1,1,1,-1.096509501
India,26-10-2020,Residential,0.342917,1603670400,0.343,1,1,1,-1.070266844
India,27-10-2020,Residential,0.334176,1603756800,0.334,1,1,1,-1.096087479
India,28-10-2020,Residential,0.330435,1603843200,0.33,1,1,1,-1.107345311
India,29-10-2020,Residential,0.34045,1603929600,0.34,1,1,1,-1.077487007
India,30-10-2020,Residential,0.342527,1604016000,0.343,1,1,1,-1.071404792
India,31-10-2020,Residential,0.338842,1604102400,0.339,1,1,1,-1.082221357
India,01-11-2020,Residential,0.348381,1604188800,0.348,1,1,1,-1.054458571
India,02-11-2020,Residential,0.346715,1604275200,0.347,1,1,1,-1.059252162
India,03-11-2020,Residential,0.351503,1604361600,0.352,1,1,1,-1.045537033
India,04-11-2020,Residential,0.360004,1604448000,0.36,1,1,1,-1.021640136
India,05-11-2020,Residential,0.36409,1604534400,0.364,1,1,1,-1.010354189
India,06-11-2020,Residential,0.367373,1604620800,0.367,1,1,1,-1.001377598
India,07-11-2020,Residential,0.364042,1604707200,0.364,1,1,1,-1.010486033
India,08-11-2020,Residential,0.363976,1604793600,0.364,1,1,1,-1.010667348
India,09-11-2020,Residential,0.362404,1604880000,0.362,1,1,1,-1.014995667
India,10-11-2020,Residential,0.36519,1604966400,0.365,1,1,1,-1.007337513
India,11-11-2020,Residential,0.365797,1605052800,0.366,1,1,1,-1.005676744
India,12-11-2020,Residential,0.371413,1605139200,0.371,1,1,1,-0.990440628
India,13-11-2020,Residential,0.366354,1605225600,0.366,1,1,1,-1.0041552
India,14-11-2020,Residential,0.379565,1605312000,0.38,1,1,1,-0.968729419
India,15-11-2020,Residential,0.403085,1605398400,0.403,1,1,1,-0.908607821
India,16-11-2020,Residential,0.459466,1605484800,0.459,1,1,1,-0.777690333
India,17-11-2020,Residential,0.457578,1605571200,0.458,1,1,1,-0.781807917
India,18-11-2020,Residential,0.511462,1605657600,0.511,1,1,1,-0.670481988
India,19-11-2020,Residential,0.556635,1605744000,0.557,1,1,1,-0.58584555
India,20-11-2020,Residential,0.592561,1605830400,0.593,1,1,1,-0.523301458
India,21-11-2020,Residential,0.7396,1605916800,0.74,1,1,1,-0.301645779
India,22-11-2020,Residential,0.823039,1606003200,0.823,1,1,1,-0.194751692
India,23-11-2020,Residential,0.729147,1606089600,0.729,1,1,1,-0.315879921
India,24-11-2020,Residential,0.662196,1606176000,0.662,1,1,1,-0.412193694
India,25-11-2020,Residential,0.571351,1606262400,0.571,1,1,1,-0.559751547
India,26-11-2020,Residential,0.573771,1606348800,0.574,1,1,1,-0.555524917
India,27-11-2020,Residential,0.570291,1606435200,0.57,1,1,1,-0.561608522
India,28-11-2020,Residential,0.620789,1606521600,0.621,1,1,1,-0.476764029
India,29-11-2020,Residential,0.637582,1606608000,0.638,1,1,1,-0.450072383
India,30-11-2020,Residential,0.628282,1606694400,0.628,1,1,1,-0.464766169
India,01-12-2020,Residential,0.549702,1606780800,0.55,1,1,1,-0.598378966
India,02-12-2020,Residential,0.509284,1606867200,0.509,1,1,1,-0.674749461
India,03-12-2020,Residential,0.518303,1606953600,0.518,1,1,1,-0.657195266
India,04-12-2020,Residential,0.482432,1607040000,0.482,1,1,1,-0.728915301
India,05-12-2020,Residential,0.433343,1607126400,0.433,1,1,1,-0.836225717
India,06-12-2020,Residential,0.435897,1607212800,0.436,1,1,1,-0.830349302
India,07-12-2020,Residential,0.439529,1607299200,0.44,1,1,1,-0.82205158
India,08-12-2020,Residential,0.486501,1607385600,0.487,1,1,1,-0.720516322
India,09-12-2020,Residential,0.474133,1607472000,0.474,1,1,1,-0.746267406
India,10-12-2020,Residential,0.492344,1607558400,0.492,1,1,1,-0.70857762
India,11-12-2020,Residential,0.493021,1607644800,0.493,1,1,1,-0.707203509
India,12-12-2020,Residential,0.594405,1607731200,0.594,1,1,1,-0.520194374
India,13-12-2020,Residential,0.879413,1607817600,0.879,1,1,1,-0.12850064
India,14-12-2020,Residential,1.18323,1607904000,1.183,1,1,1,0.168247987
India,15-12-2020,Residential,1.30953,1607990400,1.31,1,1,1,0.269668294
India,16-12-2020,Residential,1.46109,1608076800,1.461,1,1,1,0.379182733
India,17-12-2020,Residential,1.92485,1608163200,1.925,1,1,1,0.654848043
India,18-12-2020,Residential,2.30204,1608249600,2.302,1,1,1,0.833795686
India,19-12-2020,Residential,2.16596,1608336000,2.166,1,1,1,0.772863681
India,20-12-2020,Residential,2.0204,1608422400,2.02,1,1,1,0.703295512
India,21-12-2020,Residential,1.75654,1608508800,1.757,1,1,1,0.563345965
India,22-12-2020,Residential,1.57169,1608595200,1.572,1,1,1,0.452151474
India,23-12-2020,Residential,1.42894,1608681600,1.429,1,1,1,0.356932911
India,24-12-2020,Residential,1.44929,1608768000,1.449,1,1,1,0.371073781
India,25-12-2020,Residential,1.51786,1608854400,1.518,1,1,1,0.417301448
India,26-12-2020,Residential,1.66282,1608940800,1.663,1,1,1,0.508514956
India,27-12-2020,Residential,1.59841,1609027200,1.598,1,1,1,0.469009385
India,28-12-2020,Residential,1.87866,1609113600,1.879,1,1,1,0.630558757
India,29-12-2020,Residential,2.02133,1609200000,2.021,1,1,1,0.703755711
India,30-12-2020,Residential,2.11745,1609286400,2.117,1,1,1,0.750212535
India,31-12-2020,Residential,2.15416,1609372800,2.154,1,1,1,0.767400856
India,01-01-2021,Residential,1.94876,1609459200,1.949,1,1,1,0.667193273
India,02-01-2021,Residential,1.41439,1609545600,1.414,1,1,1,0.346698343
India,03-01-2021,Residential,0.900979,1609632000,0.901,1,1,1,-0.104273329
India,04-01-2021,Residential,0.589828,1609718400,0.59,1,1,1,-0.52792431
India,05-01-2021,Residential,0.576415,1609804800,0.576,1,1,1,-0.550927392
India,06-01-2021,Residential,0.644392,1609891200,0.644,1,1,1,-0.439448042
India,07-01-2021,Residential,0.838383,1609977600,0.838,1,1,1,-0.176280242
India,08-01-2021,Residential,1.01308,1610064000,1.013,1,1,1,0.012995195
India,09-01-2021,Residential,0.849994,1610150400,0.85,1,1,1,-0.162525988
India,10-01-2021,Residential,1.08631,1610236800,1.086,1,1,1,0.082786632
India,11-01-2021,Residential,1.4943,1610323200,1.494,1,1,1,0.40165787
India,12-01-2021,Residential,1.92822,1610409600,1.928,1,1,1,0.656597298
India,13-01-2021,Residential,2.08317,1610496000,2.083,1,1,1,0.733890772
India,14-01-2021,Residential,1.96611,1610582400,1.966,1,1,1,0.676056971
India,15-01-2021,Residential,1.83993,1610668800,1.84,1,1,1,0.609727527
India,16-01-2021,Residential,1.90771,1610755200,1.908,1,1,1,0.64590357
India,17-01-2021,Residential,1.80608,1610841600,1.806,1,1,1,0.591158751
India,18-01-2021,Residential,1.38482,1610928000,1.385,1,1,1,0.325570167
India,19-01-2021,Residential,1.17883,1611014400,1.179,1,1,1,0.164522421
India,20-01-2021,Residential,1.27575,1611100800,1.276,1,1,1,0.243534241
India,21-01-2021,Residential,1.4357,1611187200,1.436,1,1,1,0.361652535
India,22-01-2021,Residential,1.45115,1611273600,1.451,1,1,1,0.372356346
India,23-01-2021,Residential,1.38735,1611360000,1.387,1,1,1,0.327395453
India,24-01-2021,Residential,1.55906,1611446400,1.559,1,1,1,0.444083076
India,25-01-2021,Residential,1.80885,1611532800,1.809,1,1,1,0.592691284
India,26-01-2021,Residential,2.05842,1611619200,2.058,1,1,1,0.721938698
India,27-01-2021,Residential,2.16359,1611705600,2.164,1,1,1,0.771768879
India,28-01-2021,Residential,2.11143,1611792000,2.111,1,1,1,0.747365443
India,29-01-2021,Residential,2.07575,1611878400,2.076,1,1,1,0.730322534
India,30-01-2021,Residential,2.10493,1611964800,2.105,1,1,1,0.744282212
India,31-01-2021,Residential,1.84727,1612051200,1.847,1,1,1,0.613708874
India,01-02-2021,Residential,1.50553,1612137600,1.506,1,1,1,0.409144996
India,02-02-2021,Residential,1.10965,1612224000,1.11,1,1,1,0.10404465
India,03-02-2021,Residential,0.781696,1612310400,0.782,1,1,1,-0.246289361
India,04-02-2021,Residential,0.799041,1612396800,0.799,1,1,1,-0.22434302
India,05-02-2021,Residential,0.929876,1612483200,0.93,1,1,1,-0.072704035
India,06-02-2021,Residential,1.03129,1612569600,1.031,1,1,1,0.030810446
India,07-02-2021,Residential,1.02223,1612656000,1.022,1,1,1,0.021986515
India,08-02-2021,Residential,0.78691,1612742400,0.787,1,1,1,-0.239641395
India,09-02-2021,Residential,0.614325,1612828800,0.614,1,1,1,-0.487231175
India,10-02-2021,Residential,0.515392,1612915200,0.515,1,1,1,-0.662827503
India,11-02-2021,Residential,0.515827,1613001600,0.516,1,1,1,-0.661983841
India,12-02-2021,Residential,0.510067,1613088000,0.51,1,1,1,-0.673213189
India,13-02-2021,Residential,0.524615,1613174400,0.525,1,1,1,-0.645090619
India,14-02-2021,Residential,0.503997,1613260800,0.504,1,1,1,-0.685184963
India,15-02-2021,Residential,0.482247,1613347200,0.482,1,1,1,-0.729298848
India,16-02-2021,Residential,0.479846,1613433600,0.48,1,1,1,-0.73429006
India,17-02-2021,Residential,0.47789,1613520000,0.478,1,1,1,-0.738374698
India,18-02-2021,Residential,0.457191,1613606400,0.457,1,1,1,-0.782654032
India,19-02-2021,Residential,0.445543,1613692800,0.446,1,1,1,-0.808461516
India,20-02-2021,Residential,0.429222,1613779200,0.429,1,1,1,-0.845781011
India,21-02-2021,Residential,0.402537,1613865600,0.403,1,1,1,-0.909968261
India,22-02-2021,Residential,0.388378,1613952000,0.388,1,1,1,-0.945776187
India,23-02-2021,Residential,0.390582,1614038400,0.391,1,1,1,-0.940117345
India,24-02-2021,Residential,0.389508,1614124800,0.39,1,1,1,-0.942870875
India,25-02-2021,Residential,0.383392,1614211200,0.383,1,1,1,-0.958697315
India,26-02-2021,Residential,0.385403,1614297600,0.385,1,1,1,-0.953465739
India,27-02-2021,Residential,0.411197,1614384000,0.411,1,1,1,-0.888682861
India,28-02-2021,Residential,0.4171,1614470400,0.417,1,1,1,-0.874429278
India,01-03-2021,Residential,0.390214,1614556800,0.39,1,1,1,-0.941059972
India,02-03-2021,Residential,0.381472,1614643200,0.381,1,1,1,-0.963717825
India,03-03-2021,Residential,0.371,1614729600,0.371,1,1,1,-0.991553216
India,04-03-2021,Residential,0.372425,1614816000,0.372,1,1,1,-0.987719604
India,05-03-2021,Residential,0.382502,1614902400,0.383,1,1,1,-0.961021397
India,06-03-2021,Residential,0.366985,1614988800,0.367,1,1,1,-1.002434304
India,07-03-2021,Residential,0.370043,1615075200,0.37,1,1,1,-0.994136064
India,08-03-2021,Residential,0.376915,1615161600,0.377,1,1,1,-0.975735581
India,09-03-2021,Residential,0.365369,1615248000,0.365,1,1,1,-1.006847477
India,10-03-2021,Residential,0.364608,1615334400,0.365,1,1,1,-1.008932475
India,11-03-2021,Residential,0.3709,1615420800,0.371,1,1,1,-0.991822794
India,12-03-2021,Residential,0.387153,1615507200,0.387,1,1,1,-0.948935315
India,13-03-2021,Residential,0.367444,1615593600,0.367,1,1,1,-1.001184353
India,14-03-2021,Residential,0.364882,1615680000,0.365,1,1,1,-1.008181265
India,15-03-2021,Residential,0.356302,1615766400,0.356,1,1,1,-1.031976593
India,16-03-2021,Residential,0.347312,1615852800,0.347,1,1,1,-1.057531768
India,17-03-2021,Residential,0.347765,1615939200,0.348,1,1,1,-1.056228315
India,18-03-2021,Residential,0.34889,1616025600,0.349,1,1,1,-1.052998593
India,19-03-2021,Residential,0.345475,1616112000,0.345,1,1,1,-1.062834997
India,20-03-2021,Residential,0.342385,1616198400,0.342,1,1,1,-1.071819444
India,21-03-2021,Residential,0.347649,1616284800,0.348,1,1,1,-1.056561929
India,22-03-2021,Residential,0.364109,1616371200,0.364,1,1,1,-1.010302006
India,23-03-2021,Residential,0.365989,1616457600,0.366,1,1,1,-1.005152001
India,24-03-2021,Residential,0.365091,1616544000,0.365,1,1,1,-1.007608641
India,25-03-2021,Residential,0.361219,1616630400,0.361,1,1,1,-1.018270856
India,26-03-2021,Residential,0.340398,1616716800,0.34,1,1,1,-1.077639758
India,27-03-2021,Residential,0.325218,1616803200,0.325,1,1,1,-1.123259552
India,28-03-2021,Residential,0.319471,1616889600,0.319,1,1,1,-1.141088776
India,29-03-2021,Residential,0.328652,1616976000,0.329,1,1,1,-1.112755839
India,30-03-2021,Residential,0.338482,1617062400,0.338,1,1,1,-1.083284364
India,31-03-2021,Residential,0.338765,1617148800,0.339,1,1,1,-1.082448627
India,01-04-2021,Residential,0.350427,1617235200,0.35,1,1,1,-1.048602868
India,02-04-2021,Residential,0.360999,1617321600,0.361,1,1,1,-1.018880091
India,03-04-2021,Residential,0.35906,1617408000,0.359,1,1,1,-1.024265774
India,04-04-2021,Residential,0.344328,1617494400,0.344,1,1,1,-1.066160588
India,05-04-2021,Residential,0.340427,1617580800,0.34,1,1,1,-1.077554567
India,06-04-2021,Residential,0.350968,1617667200,0.351,1,1,1,-1.047060228
India,07-04-2021,Residential,0.353418,1617753600,0.353,1,1,1,-1.040103787
India,08-04-2021,Residential,0.35408,1617840000,0.354,1,1,1,-1.038232403
India,09-04-2021,Residential,0.349672,1617926400,0.35,1,1,1,-1.050759707
India,10-04-2021,Residential,0.34363,1618012800,0.344,1,1,1,-1.068189782
India,11-04-2021,Residential,0.343992,1618099200,0.344,1,1,1,-1.067136878
India,12-04-2021,Residential,0.339057,1618185600,0.339,1,1,1,-1.081587044
India,13-04-2021,Residential,0.335246,1618272000,0.335,1,1,1,-1.092890688
India,14-04-2021,Residential,0.328634,1618358400,0.329,1,1,1,-1.112810609
India,15-04-2021,Residential,0.34932,1618444800,0.349,1,1,1,-1.051766871
India,16-04-2021,Residential,0.342007,1618531200,0.342,1,1,1,-1.072924074
India,17-04-2021,Residential,0.354134,1618617600,0.354,1,1,1,-1.038079906
India,18-04-2021,Residential,0.346237,1618704000,0.346,1,1,1,-1.060631767
India,19-04-2021,Residential,0.341956,1618790400,0.342,1,1,1,-1.073073205
India,20-04-2021,Residential,0.340995,1618876800,0.341,1,1,1,-1.075887465
India,21-04-2021,Residential,0.348268,1618963200,0.348,1,1,1,-1.054782981
India,22-04-2021,Residential,0.37299,1619049600,0.373,1,1,1,-0.986203669
India,23-04-2021,Residential,0.37571,1619136000,0.376,1,1,1,-0.97893771
India,24-04-2021,Residential,0.343512,1619222400,0.344,1,1,1,-1.068533233
India,25-04-2021,Residential,0.324031,1619308800,0.324,1,1,1,-1.126916089
India,26-04-2021,Residential,0.317024,1619395200,0.317,1,1,1,-1.148777798
India,27-04-2021,Residential,0.312131,1619481600,0.312,1,1,1,-1.164332307
India,28-04-2021,Residential,0.310003,1619568000,0.31,1,1,1,-1.171173304
India,29-04-2021,Residential,0.31065,1619654400,0.311,1,1,1,-1.169088402
India,30-04-2021,Residential,0.311913,1619740800,0.312,1,1,1,-1.165030976
